device,fingerprint_count,raw_occurrence_count,novel_fingerprint_count,novel_fingerprint_rate,novel_occurrence_count,novel_occurrence_rate,train_exposed_fingerprint_count,train_exposed_fingerprint_rate,train_exposed_occurrence_count,train_exposed_occurrence_rate,maximum_group_device_count
Danmini_Doorbell,996539,1018298,84894,0.08518883857029177,94053,0.09236294287134021,911645,0.9148111614297082,924245,0.9076370571286598,9
Ecobee_Thermostat,823134,835876,22116,0.026868043356245763,22118,0.026460862615986104,801018,0.9731319566437543,813758,0.9735391373840139,9
Ennio_Doorbell,338599,355500,35807,0.10575045998363847,39511,0.11114205344585092,302792,0.8942495400163616,315989,0.8888579465541491,9
Philips_B120N10_Baby_Monitor,1075936,1098677,167329,0.15551947327722096,177428,0.16149241314781324,908607,0.8444805267227791,921249,0.8385075868521867,9
Provision_PT_737E_Security_Camera,807836,828260,70283,0.08700156962551805,77268,0.09328954676067902,737553,0.9129984303744819,750992,0.906710453239321,9
Provision_PT_838_Security_Camera,820042,836891,101254,0.12347416351845393,105773,0.1263880242468852,718788,0.876525836481546,731118,0.8736119757531148,9
Samsung_SNH_1011_N_Webcam,359368,375222,51411,0.1430594822020881,54099,0.14417864624142507,307957,0.8569405177979119,321123,0.8558213537585749,9
SimpleHome_XCS7_1002_WHT_Security_Camera,847047,863056,46202,0.05454478913212608,50003,0.05793714428727684,800845,0.9454552108678739,813053,0.9420628557127232,9
SimpleHome_XCS7_1003_WHT_Security_Camera,836326,850826,32327,0.038653587237512645,33933,0.03988242014230877,803999,0.9613464127624873,816893,0.9601175798576912,9
