device_id,held_out_device,train_fingerprint_count,validation_fingerprint_count,test_fingerprint_count,unused_nonheldout_test_fingerprint_count,train_raw_occurrence_count,validation_raw_occurrence_count,heldout_test_raw_occurrence_count,train_benign_count,train_gafgyt_count,train_mirai_count,validation_benign_count,validation_gafgyt_count,validation_mirai_count,test_benign_count,test_gafgyt_count,test_mirai_count,test_present_family_count,train_all_classes_present,validation_all_classes_present,fingerprint_overlap_count
0,Danmini_Doorbell,1039932,222798,996539,223407,2096405,449304,1018298,331408,17708,690816,70712,3821,148265,40395,304044,652100,3,True,True,0
1,Ecobee_Thermostat,1162046,248309,823134,249187,1983209,423450,835876,350489,22062,789495,74759,4723,168827,13111,297890,512133,3,True,True,0
2,Ennio_Doorbell,1500913,321267,338599,321897,2988350,639404,355500,334939,18290,1147684,71488,3912,245867,35410,303189,0,2,True,True,0
3,Philips_B120N10_Baby_Monitor,984133,210978,1075936,211629,2042260,437860,1098677,243910,20452,719771,51972,4429,154577,165141,300081,610714,3,True,True,0
4,Provision_PT_737E_Security_Camera,1172731,250895,807836,251214,2333504,499536,828260,321111,8809,842811,68468,1921,180506,55169,316657,436010,3,True,True,0
5,Provision_PT_838_Security_Camera,1164353,249102,820042,249179,2363162,505804,836891,294008,22871,847474,62590,4956,181556,93995,296710,429337,3,True,True,0
6,Samsung_SNH_1011_N_Webcam,1486393,318155,359368,318760,2961641,634114,375222,325050,13659,1147684,69311,2977,245867,49559,309809,0,2,True,True,0
7,SimpleHome_XCS7_1002_WHT_Security_Camera,1145094,244988,847047,245547,1975485,422399,863056,329622,26883,788589,70457,5801,168730,42784,291015,513248,3,True,True,0
8,SimpleHome_XCS7_1003_WHT_Security_Camera,1152607,246508,836326,247235,1967026,420539,850826,347118,18084,787405,74098,3866,168544,17936,303530,514860,3,True,True,0
