measurement_order,architecture,variant,seed,representation,batch_1_median_ms,batch_1_p95_ms,batch_1_p99_ms,batch_1_samples_per_second,batch_32_median_ms,batch_32_p95_ms,batch_32_p99_ms,batch_32_samples_per_second,checkpoint_file_bytes,serialized_state_dict_bytes,model_load_RSS_delta_bytes,peak_inference_RSS_delta_bytes,model_inference_repeated,validation_data_access,test_data_access,deployment_metrics_sha256,raw_latencies_sha256,run_manifest_sha256,all_checks_passed
1,compact_dnn,P25-QAT,123,static_int8,0.1182,0.1636199999999999,0.26555299999999965,8025.669300691332,0.201,0.3026149999999998,0.3694119999999999,151704.0632985204,30997,29013,7876608,6443008,False,False,False,0ea678e4c0293c8cbf038bffe8937b51f20658f5f60f3dc1a01c2bbf72dfdd4a,cfd34de719904a62cda391372680c7c1b635877157fb9363c566f6e1dd5c087c,92b293cd4c23ce86d3b841bf039fc03319dbe50cb44ab5ade02eddd46d1ebb38,True
2,tinyml_mlp,P50-FP32-FT,3407,float32,0.0226,0.0247,0.03645499999999995,42795.028929439555,0.02305,0.02806499999999998,0.03249399999999991,1353408.8986635087,60773,19925,3096576,1380352,False,False,False,bd8163cd2b2d8e441906337f9d979fd7ab61e5743227ba5ff22347a49ea528d4,f1be38655933590a7462c23352a840f7067b555d20a3b3fc835e93e470d7aed6,5dc7753b54c37618217f8b40104dd1c801ee5ab63311278bf415e9ccb058adb9,True
3,compact_dnn,B0,2026,float32,0.0313,0.0366,0.059302999999999814,29966.13826376195,0.04765,0.06911999999999999,0.10497299999999966,584736.548775251,313779,104397,1777664,2211840,False,False,False,cb8f0f3dafda6b2f34d598f5df03506b723515114887784355155e6e70cab2ac,fe4f9043e0cc718cb61c439e6228199ace97cf4a54d7ce214a6846a270c83cbc,893bb6bf00dd281972cbd0aa075fa4e953f6579f48793ba29e7424a8edcba70e,True
4,tinyml_mlp,P25-FP32-FT,2026,float32,0.0221,0.02711999999999998,0.08704299999999979,41051.24015796517,0.0287,0.0354,0.048701999999999086,1068554.446188266,90917,30101,3219456,1404928,False,False,False,663c87784cb568fb0f1b413f5f2b12467cb5db95b91a82e5cb06339f80048522,c20def7812c7f815197671896c9ee1f00643292e6ed8e24a5bc99b0066384792,b4cbc41f7c2c1cbf8dd3a72c09f9934a390d9b1c82e508ed5dd00562f4f70b4d,True
5,tinyml_mlp,P50-noFT,2026,float32,0.0196,0.0343,0.06356599999999994,44056.74508767293,0.0236,0.0264,0.03092099999999998,1329041.6363825146,23921,19925,3026944,1581056,False,False,False,b2df7a86621aa32ea6ac03ccc16a9fca54a3e917acc7086a3fad39997a958da0,3241c8cf1083bf8302d90240dbcd77864d1eec1083bc7e3e86dad3896942f4e3,62c95b8708ce1835468192c025b2acf19a96942243099dffd7b258c84b648dbc,True
6,tinyml_mlp,B0,8192,float32,0.024,0.04040999999999999,0.12348299999999975,36549.44042806704,0.0269,0.050664999999999974,0.1565339999999999,913294.1377932531,123467,41173,1318912,2105344,False,False,False,6c0a577215bea2fdfdea04a83df9a50fdd3e06ed1d39762d6309ae8f491c7def,8ea0bc7cf19819704d00f0fa93fddc63b18f443c544eb4d83fa6b39ef6069145,6e2af0917bf47838a12a74e451468a8ab6c3751a7f7870ef664b475e47cd20c1,True
7,tinyml_mlp,QAT,8192,static_int8,0.09695000000000001,0.12004499999999996,0.21430899999999997,9878.826316403001,0.1678,0.21492499999999934,0.34567799999999804,177607.07764204402,20167,18407,5763072,5689344,False,False,False,f97c80edc385d5c0715f359027120e761682dec1bee2fca3ffc4c9fef79ae0ce,eea9a4e8c8e2bc1630300b56e8e224b016aa85ee4bd256483edf8ec926413f5f,b8c4431f0f73736dda2c699baaa1377df2d97a4c6306df111d47617b208f4ca9,True
8,compact_dnn,P25-FP32-FT,8192,float32,0.0412,0.06922499999999998,0.08541699999999999,22573.974915799074,0.0482,0.07561,0.14404199999999967,596391.8294319368,215781,71501,4304896,1417216,False,False,False,d74196f13eae9c5a4d23e7ff3291d8d5d97ce524ab9adbe4e5455ce8a314f0cc,19812b6aa8b85c35f96065f7d46c7f5ef07b5c48f3688ff43b00fe2648ccee6b,11baadf9c341ae47d56224bdf665015d0ed64cbe05c7b92bcf405d77be36c52d,True
9,tinyml_mlp,QAT,123,static_int8,0.09425,0.14361,0.2379229999999999,9802.153337045083,0.17204999999999998,0.2563599999999999,0.36739199999999994,176260.95434290465,20167,18407,5775360,5611520,False,False,False,a0b1f4302eeedb744b0f46e52eb7df9ea3a8a08fdffb14e39af825e3b80e9839,9cf005dae8ee84ce3368f28b7bb0c820571fa84f864bd4bcc94a4940031a6af6,33488a2340a6a6c6b2c3b0b51f2bc4f335601ff8ac83192f21932dd15eb83f5a,True
10,tinyml_mlp,DQ,8192,dynamic_int8,0.1113,0.16172499999999998,0.2459339999999994,8289.591919968963,0.1656,0.1974649999999999,0.31622199999999834,185425.01441389762,16225,14719,4071424,5918720,False,False,False,c751dc929c0e1a87900c0f8196045afb6faf6fc1a5e5a21eccfdb08483039bc6,7d5d9fc936acb750ba059a9b3e9aeec8bdb19560d989d4ac915a34b2092cba2b,8a4cf4f5e6047ea7bde1191b0a0570c40febdae36df44d958cf79763e13c454a,True
11,tinyml_mlp,P50-FP32-FT,42,float32,0.0203,0.04971499999999999,0.08673699999999997,37400.7943928729,0.0268,0.02862499999999999,0.03743599999999997,1178008.0619926741,60709,19925,3162112,1314816,False,False,False,9379da2d381f4f3a131613816f875a6da1859bb1c232d4e0aab7b87e47576dca,cf7cee9bd6b4cca695324c93c872c2fe6e233dfafa90c1f876dd009282943eb7,58abd2d1828fb8f5884fedcfd0ef63d1bffb70ca62718e0850815373f0ceb494,True
12,tinyml_mlp,QAT,42,static_int8,0.1018,0.16364499999999996,0.23883699999999997,9033.26046503225,0.17715,0.27579499999999985,0.5717519999999999,167394.65906415923,20167,18407,5787648,5074944,False,False,False,eebe5dac3a8d857f45a26212075885e69a2d1800c1a216ab0821ae707291ff54,8e633d69ddf0ecc7b02945bb2928438264d5db872820b75a78979ce6efd501dd,34464af8a36369de267a2c0c11e97fa49faece9c24046e6f28589b4bc0dc22be,True
13,tinyml_mlp,P50-QAT,8192,static_int8,0.1011,0.15175499999999995,0.2546959999999999,9260.871336862343,0.1677,0.21921499999999994,0.3141439999999995,182678.1183012077,14023,12199,6742016,4968448,False,False,False,37278f175e6f5f3edc8ae65d33566fa3135b1a2f7fe956eeb1a24b05d28a59fe,9001c19b00bf4151da5e2f8009957c0f02d214a88635cce7cf4858bbcd5260ab,6fa4f9cacbfbb9d03b67f4b3f2fe1e8d225ba598e838d88437f8924a230cc002,True
14,compact_dnn,DQ,8192,dynamic_int8,0.15505,0.2260999999999999,0.369345,6046.512190373227,0.2264,0.38968499999999995,0.6479499999999996,129465.02623689672,33593,32051,4431872,7458816,False,False,False,06f27bbc66f14213755300ef6c7dc7e9f9ee36b5bc9ca511afca748dc030a631,ec5dbf6428bf267279140523a35183116f6374f4a577e45f0f445da82b230713,51cdd7e8fdcd62ee22d58a717bcf112079e743cf12747d5b5a71c174c290451a,True
15,tinyml_mlp,P25-noFT,123,float32,0.0292,0.039205,0.041801,35421.300953541424,0.0296,0.0321,0.042301,1052250.8302916707,34289,30101,3137536,1327104,False,False,False,18f4653338b40c471098555c9022879f6d918ab41a98f9b7608f3e55b9c55c4b,9687e8d0c1ae8d00cef840a52da89d6a203aee19040df47062992e2c7bf68966,5698c8fd339fb4c33e231c571983c1607e90f8a4b237080568824a9e3c8a9ed0,True
16,compact_dnn,P50-noFT,8192,float32,0.0379,0.049044999999999964,0.120817,24592.98608036988,0.047200000000000006,0.06714999999999988,0.1281269999999998,635930.0476947536,49091,43597,3862528,1323008,False,False,False,20ae1e6121af84a925d39d1d901202435fc56aa85c8b937838b7ce2b7a0b665d,74e8c249e9d1d6a60dc15df63049fae436adde5839510f6961f630daa5bd85d3,0c57f704b511a7d7bf3712ea99e600cbe9a41a267a8743846eccb28402055920,True
17,tinyml_mlp,P25-FP32-FT,8192,float32,0.02805,0.031004999999999994,0.05780299999999991,36346.71861824315,0.031,0.03581499999999999,0.04230199999999999,1002757.5833542241,90917,30101,3211264,1400832,False,False,False,94e996407ca726b0095625552c80a3913a5d1cf3aef85175ab751aa6365f7eee,5702e12a1d8b6b5d887904eed0468ff36619a76757401d165226ed7585d35f58,d2676ba4f859d7316a9e7029e03f81e06f497806f84576cdef7ded6d950acf31,True
18,tinyml_mlp,DQ,123,dynamic_int8,0.108,0.1694049999999998,0.2884599999999998,8567.629439745575,0.164,0.27619499999999997,0.3595219999999995,183742.2555510258,16225,14719,3997696,6103040,False,False,False,0b304880530de1383cd97ade6a6f95312ade14c21af9871d5f5eaad922c956f4,b8b1a00e747d5aacee631c652837485f13eeaaf7649828ace678bb8c1f86b46e,a1a2d68e04a13bec7d1f151a90d136e63228ffb08eccefe9470b415528054195,True
19,tinyml_mlp,FP32-FT,3407,float32,0.0266,0.03271499999999999,0.09527199999999957,35153.09171441628,0.03105,0.03551499999999999,0.04492199999999998,1002066.7626980648,123877,41173,1302528,2093056,False,False,False,74fd055c3f8503b281990d4cf8f5b4c4d9e84db4e93789c175efdffd1057ad05,7337f190996c3e51d4984eded3b5445d5d0edb204e8e88db87a9e7823c31bfe5,45f258fd11781df6e7b5641fc375ace252f4af63058fc0514311e3f92a0af14d,True
20,compact_dnn,P50-QAT,8192,static_int8,0.1342,0.20984499999999995,0.297815,6859.689173764158,0.23235,0.349215,0.5445859999999999,130760.35100981724,23061,20949,7434240,5713920,False,False,False,759ef6646e99b2cf3aafa139fbfc17c181ea25085574337e140060e5ca88eafc,173bfe059de9c7fe36c68c69ca22bb7220403769290644fd8b3b971b616302c2,a47ab2319ea47bd571f612232b7abf2372124a3cc6dcd9adea8dc0a944ae1740,True
21,compact_dnn,P25-FP32-FT,2026,float32,0.0391,0.058105,0.07266499999999984,24383.583021223472,0.0479,0.06294999999999998,0.1021119999999999,625311.4344058076,215781,71501,4186112,1318912,False,False,False,e96309c45e2653079e32a14a3d8c971c979c5ffdf7e670155ce287cf1464ca01,61a646bd154a03cad0ef3ec3b50ddbe97b127497872a14ebb96871e2a0da6104,abd09b139797a1515976afa7d30b233f3ae5aa33c3e69750dcd071b3f619c3dc,True
22,tinyml_mlp,FP32-FT,123,float32,0.0263,0.0313,0.046648999999999864,37997.67454231801,0.0279,0.034409999999999996,0.0658159999999998,992032.7370803236,123877,41173,1302528,2035712,False,False,False,f866d467c8a7638303980b7cc3afb0be806be7f16aa2b63553c0424105c6a049,206033b66ce97f824c312be221f821af1b8e1567627068d16371def3363984dc,9498825fe4c2dec08a61c08c4716dbecdd7e0d4b7ba29fe2719d437b7807352a,True
23,compact_dnn,P50-noFT,123,float32,0.04355,0.0750049999999999,0.102001,21054.58189811267,0.04395,0.05302499999999999,0.06079099999999919,694097.997961087,49091,43597,3862528,1368064,False,False,False,a09f7dbab2ff5deefd1da5a06c649e02321f136e5bbb9c51f515fad1f13982ea,852ac7fc833f3330f43e7c57185ca5199c9c046daf107c8f0f866b84972d8160,911eca24ae8201ee5c7ed08b498655cbcd1f24e9a5872fe26ebca5c91f4f15ba,True
24,tinyml_mlp,P25-QAT,123,static_int8,0.10255,0.15103999999999995,0.24973099999999987,9236.083531139455,0.1679,0.2678099999999998,0.3116589999999993,179938.0338395965,16967,15207,6709248,5066752,False,False,False,3007087783098a3108bb4825b83039fc0596ee4480b87be19181e86e70268b7f,4fc3543ff83d19cfea1d6e01524365e7c21c0747ad18b9e054fbf91f8721ee2b,c1bae1ee4e305f671b90688fd27134d893cf145fdcc66b144bd4c8bb79c7b67f,True
25,compact_dnn,P50-noFT,2026,float32,0.0362,0.045834999999999966,0.07914099999999978,25985.77019224273,0.048100000000000004,0.056529999999999955,0.1809529999999996,616148.8769723985,49091,43597,3862528,1314816,False,False,False,606528b1cf3be3edb7adc41371d1648479ffe4337c7614004c7db1ba897b3d2f,2c84736dc8dc78e8116a8bd4fa3ddf2d69bf3375ce255a51255199a4685905f9,e59272910ed39ef052978e8cc8e5d45daeb81a93632e135824b003a91c10234b,True
26,compact_dnn,P50-noFT,42,float32,0.04185,0.0571,0.11101399999999972,22243.77396766645,0.04565,0.05651499999999989,0.12274099999999978,653254.5345051087,49091,43597,3862528,1372160,False,False,False,dc8f71844f2b0c9a13bb87812f247209ada90da5e0d6b123fe068fa4aa547a13,4a06ec2e4a52ee24d920e31445bf76472fa56906af204a14c7b072e081d9aa47,9bd9c33962f9a7f2d634d49ce30d947088bfe868ca8f31d1cf9953f21da0ca96,True
27,tinyml_mlp,B0,42,float32,0.021449999999999997,0.029719999999999983,0.062176999999999934,40312.17750257998,0.0297,0.03862499999999999,0.08495699999999905,943869.2741055363,123467,41173,1310720,2121728,False,False,False,26d8e1712337896c7f795cdcc789a36d638066328ea2d664182791159cf8f407,c670591dd46fbda98be90f6b5b223c713e57377bc532ea2dd18119a1a02e1ceb,20bbd87c7be3f2135edbd0d3309d7edb045a720aec84f7cbf49820e29d8edd9c,True
28,tinyml_mlp,P25-QAT,8192,static_int8,0.10505,0.1360199999999999,0.1963219999999999,8986.873772168372,0.17215,0.24790999999999985,0.3532859999999992,177451.95626918355,16967,15207,6766592,5214208,False,False,False,9e5d1eae91449c74b21d94a8df65ef0c500b8ec2cb63378e4ce27144dcdde354,8173dccded4584b777687b409f044a4b9c9a360f0db0e556f1176bb0c8419ed4,bef6f11c6a9bdb5bd91977bcc3d3bc71ae1cf57780d8a7c7cb5ab85143ce5457,True
29,tinyml_mlp,P50-QAT,3407,static_int8,0.1017,0.12342499999999998,0.20642499999999997,9394.417085814242,0.17535,0.2592149999999998,0.37836399999999965,170619.80309408347,14023,12199,6672384,5251072,False,False,False,656e3e05daaee4ab384074058be42c6e27b0f0ed6242cc962505689ac8e35bf8,b29b4e2e82e8beed4fab965490a577d470d0c49b9e6ffbafd0df4a774e1cf5a5,daec0d93380039f59bab424aee7b83e865a16c4405d0caf2f5772783fe35b725,True
30,tinyml_mlp,PTQ,8192,static_int8,0.1019,0.12940999999999997,0.25794599999999995,9099.181073703367,0.16505,0.2936349999999999,0.4289299999999994,173813.8562233508,20205,18407,6389760,5296128,False,False,False,001df3407d316f6b79303e56946a05996c57a4724bfc3260168e5a975f1da58b,624692d5a063279a201d43a5f93af277a270eb7a037e24fb4eb6848e7aaf52a3,e0b28da7493f8e372243536f7c7db2a8647b15a07eff88becab8446b57e7bda5,True
31,compact_dnn,B0,8192,float32,0.0363,0.04871499999999999,0.15756899999999993,25264.136547605212,0.0531,0.07263999999999998,0.13036999999999974,561487.2393251625,313779,104397,1777664,2146304,False,False,False,06628bcea05a023ed3abd3c8b9cd3bfbee331481d9f2d265b5e72ae4a6aeba7d,a63750510595ef3fbf3a95e94ecbb3f9c2abaa3e8a25c16d80b56c6bed6489ee,ffd5c3d85ca89dd871776fa1dcc0967be7b2f70affac8012111ea8ba9283cfb9,True
32,compact_dnn,P25-QAT,2026,static_int8,0.137,0.17252999999999996,0.3303919999999999,6915.026768068618,0.22965,0.34290999999999977,0.4013949999999999,132126.0317185055,30997,29013,7876608,6115328,False,False,False,821aa2ec8e312d01a87e541b513b2d9cb2fcd17dc46e4ad68aba8faa6ea99f13,9521ae823a018cd8075cd80a320fa106c900fa3ac5dad9532f5980a872366fd9,55575bf6dea5bbdad59e9d8408aa70794d5fa50b0fa212cbfbc29f8e76de61ea,True
33,compact_dnn,PTQ,2026,static_int8,0.1303,0.1800149999999997,0.33039999999999975,7160.1027617948375,0.2257,0.36737499999999984,0.6031539999999982,129704.31469509353,40309,38293,6701056,6098944,False,False,False,55e4d39aaa4f0cfe0fb24343c751ba227518fb72666d1e310a6c29b5220cca98,9910a56f1a223f02a3d72815c9d172c1a5a1d5a9e1005cee999d0b954e9f8eb8,81d8e1972e2b9204d82a3563f8bcf0c43eb1f9e4ca4ef863aa02929791ec1706,True
34,compact_dnn,FP32-FT,123,float32,0.0371,0.0618,0.17667299999999994,22968.757895510527,0.0564,0.06793999999999999,0.16282199999999972,538172.4001648154,314149,104397,1794048,2134016,False,False,False,0a479cb3cda9d7f471ab046a739f4f05a2215ee559da07a59244fa013bb66517,e9515ebade61e2199ce9e49941905685a03e4124526be39a7124eaf825bf3611,1f0484a0a59220894cc770aedc82296ec993eae42fcd52a52307968c2d41bc09,True
35,tinyml_mlp,PTQ,42,static_int8,0.1055,0.130505,0.2312369999999999,8984.015639374426,0.1703,0.211635,0.38291099999999895,178794.92222420883,20141,18407,6389760,5722112,False,False,False,9ce81a47155adf19315390e9dfd5b2b9ac7156792455dcb3b68bfb45985796e8,4d5d77f05d69c03ef7000620ba4488d536fb88fa7aa4a71fe060679c34aba437,32162ad50c95a500344df5be6efcb17e06419b54a6d42c6bbf743e3d6d71cee8,True
36,tinyml_mlp,PTQ,2026,static_int8,0.0997,0.14014499999999996,0.24163899999999996,9431.008401142284,0.18135,0.23681499999999986,0.3795339999999997,168630.50947492674,20205,18407,6385664,5844992,False,False,False,26380ddc3bfd86685afc782c025bb1c765d918db03e0bf37d93fb13358c0b362,efbdd394ac2cf009130932475bd4bc9422ea95b0980edf9403dd8a9d8a484de1,19111df54aadd782f35dc0396629f41c9f4898282fb8359639dd1268431b59e7,True
37,compact_dnn,FP32-FT,3407,float32,0.0379,0.05741999999999998,0.09977899999999976,23983.691090058757,0.0569,0.07003,0.19305099999999994,521024.1380713966,314149,104397,1802240,2117632,False,False,False,95524557bdc93db82eacf1a523d528a05cb63bedb0c4cbb85e22d5298e0f6550,ca6b46ebea6eeba6544d6881ea3032a3690d208450392ea860252f7547717de4,7fd22537a2bf6898b44bdcb15aa113903f59724a2ccc31cc9c170725c52e6889,True
38,tinyml_mlp,DQ,3407,dynamic_int8,0.113,0.16388499999999984,0.30023699999999887,8103.281180615655,0.16494999999999999,0.24336999999999992,0.33836999999999967,186653.13431442887,16225,14719,4005888,6225920,False,False,False,959bcd57f14635a7d0734295cdb577b5da067c6bccdc2cf03509c73f0b8cf0d5,4f21263799431d9648616fc839ff7da7bfb40ffc07d034d5aa70302afac26165,730c43670bad28f94b64ad32355146ab54dcc3c705a6a865e180606bc4e55f13,True
39,tinyml_mlp,P25-QAT,3407,static_int8,0.1005,0.14427999999999985,0.2569699999999996,9251.327102872907,0.1796,0.3357549999999998,0.7334709999999969,153858.35895635953,16967,15207,6873088,5640192,False,False,False,2e2bdcec76c8b80255443cc8bf4b4eed14761d0843bd4a4039a263c2be331058,c36bdd7fe80bc73c3bc862cead0ec1bc6a54081688558acafe0ec79a443db05d,ab1084ad6988fdcd51974b8a53b580d0c683f143006eda91cba6647dc345ad84,True
40,tinyml_mlp,P50-FP32-FT,8192,float32,0.0339,0.06721499999999998,0.11958699999999983,26413.10089804543,0.0273,0.04952499999999999,0.06961399999999972,992094.2489536506,60773,19925,3153920,1318912,False,False,False,80478d6778cb1fa5093463ea6153118e304bcfbc6c5d564ee245e5afa0be846c,541243ea849171f203c8beab2d48a291327a9b42c275a71465d2d2be68e3a136,39b6caebccc81768eaddfb192b2e520c415e3555b3f26bd33ef2657680cb5a96,True
41,compact_dnn,P50-QAT,123,static_int8,0.13375,0.15913999999999995,0.27011299999999994,7274.293229669805,0.21825,0.3260299999999998,0.5113609999999997,136626.60376150117,23061,20949,7430144,6090752,False,False,False,6b340da8603f3eda85d38d94e1f97506cb68b455cc05054cc070ade566b3f7ad,d21a4f41a047c4066c5a46ec2bd54e4ffe077cd38c2d06adac185a5c8315f18c,721b886fee4ff5d3d47c4fe932a89f1c68b110d451feee3ec5aea33d677b0e4c,True
42,compact_dnn,PTQ,123,static_int8,0.1387,0.17948499999999992,0.3010089999999999,6778.87053170749,0.2315,0.3116699999999998,0.5801069999999977,130296.60801283421,40309,38293,6750208,7004160,False,False,False,ff0409b4bd0b49c3e8d8268b1b6f0fc83a36f126bed39f49622d036d4ad93c99,9ae033f6ef847e9f05f9f1475fb90726389f4860db9fcf9f4ed294737e1064b6,6696bf408bb132f52bd3f3abbbc51d46b20bddf9c4904db25c08b0b4cb585f2e,True
43,tinyml_mlp,QAT,2026,static_int8,0.11815,0.16666999999999993,0.31615299999999996,7973.922085212522,0.1824,0.24011999999999992,0.35163999999999923,164395.94763989068,20167,18407,5795840,5201920,False,False,False,5c0b13358e1ff1f76f8d4c0228455c6b16a392b53109fd20f45ccddb3e410fc2,65168a7efdcf51bf2035c5c04e05be2c27c440844632516d76b7603aba1d0dc2,293ca6474419dbd50679e8d2928f0bc5f9053f798614baa42bc42a3baf86c133,True
44,tinyml_mlp,P25-QAT,2026,static_int8,0.1038,0.13394499999999987,0.26755599999999974,8947.152747581136,0.1827,0.23111999999999996,0.32970499999999936,171967.65933206686,16967,15207,6705152,5074944,False,False,False,66e8bccd8e22e4c609a62c0b49c212b81b303ca49923c4236f6e4f42c26dfbca,3201a8ebcaee572037c22d29948156868f69c00d34b9abb62f1f463b68dc81fa,c3f98c18a32990aed1614d83e6ef7160343c6f730d3f962bfadc2b3fc777a4c5,True
45,tinyml_mlp,P50-FP32-FT,123,float32,0.02665,0.0291,0.04586599999999994,36649.90544324396,0.0262,0.028309999999999995,0.03927499999999975,1174139.5758420783,60709,19925,3108864,1314816,False,False,False,daccf93def721c39d79ac666f6388b9016002ef21982f52d4bab8208a3feaa94,61d17b85f6b0fdfa6c0b5aa387b4fa63f02dc1ba7622b722e6f86ac7f3edb3c5,2e837a38b57dd12f97a5a082286e52b14b934859bab23948b37f0a23fb7b526d,True
46,compact_dnn,P25-FP32-FT,123,float32,0.0404,0.05060999999999999,0.11672599999999997,23896.918253422038,0.0519,0.066905,0.10422099999999988,590727.4254437379,215781,71501,4177920,1376256,False,False,False,5766c65360a6f0c788851241b31a55ba645ad7f975cbcf8232852b7cf9b5dceb,39cf4dc9c3ef356ddbe3a83e019e9fc0fdfb47bafcbc33113381b307470b3737,60a65bd0fbe409bac80bc0dcb117849eaccd14a8a2bf998cb7c854d63b7d72e5,True
47,compact_dnn,DQ,3407,dynamic_int8,0.16035,0.21087499999999992,0.5095229999999996,5828.382122720082,0.22815,0.30493,0.5153969999999992,131535.94939154346,33593,32051,4481024,6881280,False,False,False,91c448916b79a7bdafb617ce240b404bedee8e73660211a699a1b7bed484e716,cadea1eef63f50085d4c3df5174beb22f3a2f94e4f2dc879994088daf9c7f014,8801223e971f7bdacf9d9eb6d3526453c8d4061ca43a4c366bf4f8a9cf75efbd,True
48,tinyml_mlp,P25-noFT,2026,float32,0.0269,0.029704999999999995,0.04873099999999997,36378.716995409006,0.02715,0.030214999999999995,0.04269799999999991,1140068.0478116036,34353,30101,3137536,1376256,False,False,False,d7c808f4505f5b69c71d5cbd9790bfa1e9cdede5357ffc9d92301e1d317a2f94,7fd72022f8a99a0f09b371b2ef3b55c0ef0117e4e5718a3d0ed63ae4f3d6cf31,fb785d85fba95d76a0a818b654c721d78570e7013d8039299762cf574d406556,True
49,compact_dnn,PTQ,8192,static_int8,0.14015,0.20553999999999994,0.3634679999999998,6618.195006439504,0.2373,0.33561499999999944,0.6513549999999998,123501.10186139318,40309,38293,6791168,6103040,False,False,False,ac6bc3042d101a51cc388d0aa18015967ebca8c42f4b22ce9a8c8fe2e9aa6170,d52b2e027866f949edc27e795b13b2cb5091bc5c3df45fb2f144361a126dd2ec,b1c3f12623bc62d1f3a7ca48ffb12f08d2a969b6de9d822e181dc73c97d7233c,True
50,compact_dnn,QAT,3407,static_int8,0.135,0.20523999999999987,0.3590059999999999,6930.304697776342,0.24735000000000001,0.3677499999999999,0.44915099999999963,122871.58575380758,40277,38293,6356992,7299072,False,False,False,e6e851b7cf4c8cc1ca1f831b77c49d7297579efdfef09981695cf4d3f8284c9d,42ef87a2c8603292f62df2f608ec2feae68c80738e85030035f14df01fb0ade9,fa48e76cad0292a1c9617b0da956a6a7206d24750ce55dad1092ee925a30a2f1,True
51,tinyml_mlp,P50-QAT,2026,static_int8,0.09914999999999999,0.17339999999999992,0.26933399999999985,9098.883021120328,0.17395,0.25290999999999914,0.38457499999999856,169418.840433924,14023,12199,6909952,5373952,False,False,False,b225b3428326c442f14a40812057b5f1e9f07249c85784dacc9875617c7d748e,52f41ff80562aab39b84ed7fd29ee8db9e8161b74638d27fea318fa295bfab6f,c0f4e96f011adca263c98621cd247357dc06225f7f719e9675a551a548278b01,True
52,tinyml_mlp,P50-QAT,123,static_int8,0.10455,0.15564999999999996,0.23306599999999986,8657.42400080341,0.18395,0.270735,0.42502699999999943,160752.32086163244,14023,12199,6627328,4886528,False,False,False,86d88d77d249eea150e1c4e7603ea980e74bb21b04554e350f33c418ce276e75,b7108f22a1918b4ffc6aad1db512ea38ceab82536fc35aa958a17ec48502401d,c2ca126b24a528984dc96c74e6045b629cb9de7e656de7867889cc49e1dfb677,True
53,tinyml_mlp,FP32-FT,42,float32,0.0234,0.0288,0.03590999999999999,40472.72138578598,0.0294,0.034505,0.054832999999999694,1032541.1806463061,123877,41173,1306624,2084864,False,False,False,fbc70dd965659e1df75e0982c76073147b94fc281bfbe75f9d617cdcd875d980,a007aa6a7cfa707c8355f77948c31ce44c7dc97c8e8708f20ff2a5eacf10a90f,5dfd049926d575f187151f94c0ee903d9c72efc36317cc3fbab6996e74269900,True
54,compact_dnn,FP32-FT,2026,float32,0.0435,0.07044999999999996,0.11320499999999999,21056.089210438768,0.0597,0.0621,0.07321299999999999,546844.9609091297,314149,104397,1798144,2121728,False,False,False,729cdcfeaa4745d28cbe20058fbc7695314b5f8b256ea8008e530414ab4c27bd,a5410542e68fcad7c978ef9169d2b9cfa256807e37115cadabfcb8337c275616,a89b70555a906621b0dbc0bfe9f5454700e61b46de02e52254f8673a5fe99b59,True
55,compact_dnn,DQ,123,dynamic_int8,0.1553,0.238105,0.3580649999999999,6046.936319713617,0.221,0.2773099999999997,0.5080149999999993,135425.94634170082,33593,32051,4440064,7286784,False,False,False,491b04cda0a778b30583fa36d07b4da927c2e2c8de77b2d8be3977ba400e5632,ed0a2eeb86799b01a289e445a3073a4574d8ec5a5c2b7632f445ad5e4ebd871d,66ee56b1659f1ffe4873328884162095b5e6f0905efdc1ee970bef355ccae307,True
56,compact_dnn,QAT,42,static_int8,0.13055,0.19742999999999988,0.37407899999999983,6927.740891406275,0.2333,0.34756499999999974,0.5641339999999997,127312.00592000828,40277,38293,6524928,6434816,False,False,False,7c3aee028ba0a61495523ccbb0f3947a6c60f1a3326720a9a9ca4f5b86510af2,a4295e4656095d3d6a2bc0f91b98933da81698c10990fc2ca708331063a89590,152613f54854205ba3e19b82dff1be70d2d9175739d230da288f2de95245943b,True
57,tinyml_mlp,P25-noFT,8192,float32,0.02525,0.0275,0.037408,37816.04761796716,0.0297,0.032305,0.039539999999999964,1051766.6392769103,34353,30101,3133440,1327104,False,False,False,2905bb6c17378a4a656e0e57a762a4ad9d30a9bc04bb86d5a604e8d3d40f0345,af765c6a18a8ffd7a4c49f47559af4f4c4ca8d796f5e4c220fe8c8b078e419a5,13bf5f5219ef35778b2ef38e4cd4034cdc51621ccb6ff53cd4e9166d8398888b,True
58,tinyml_mlp,DQ,42,dynamic_int8,0.11635000000000001,0.17027499999999993,0.35186099999999965,7912.606839973856,0.16375,0.26368499999999995,0.31508599999999987,188744.9053621248,16225,14719,3997696,5963776,False,False,False,431f630820eb55128ccfc4aa487a95ea3c9f5ec3f02355b5a8f5bf1fdfa2cf80,f1d6257fede8686d47910d8a94da658b44e2b5e8fb7ddf0386bb9430b68dab95,b4df1121feabb7c5eac677942f104a44748c564f4e9658202af12b38359b7ba1,True
59,compact_dnn,P50-FP32-FT,42,float32,0.0377,0.04410999999999999,0.09553799999999997,25262.47713745819,0.0464,0.051,0.058001000000000004,701123.9893954997,132453,43597,3891200,1339392,False,False,False,0f2e35f70a7c261dbf1a83c28b9856d3b09c45a80e523630399fcc1a6ab854b6,af114d39d83f6906d58c5e3e859abb54c95dca11d13c5c20047c35475a31611d,7d798a71ac6b64cba79a89236e3ac157459b8a1912d8aab718cb1bab2ac0421f,True
60,compact_dnn,FP32-FT,42,float32,0.0418,0.050705,0.07254099999999995,23714.777626530198,0.0538,0.064615,0.09804799999999832,557996.7915184487,314149,104397,1794048,2224128,False,False,False,0af395c6b8f84b9f26c6c3bc4622b33aad98a6bb487c93632e907426d98a97df,400454b8bb48ebc3854591d7372b22661f8624ad2fd0e49aa535f520fd2512d2,74072eb0fbe719ce64dd6f94dd95f6ef737b4002c5730e81af7cfdbcd41861b3,True
61,compact_dnn,P50-FP32-FT,2026,float32,0.0387,0.04581999999999998,0.09563899999999988,25438.301942468737,0.0486,0.057114999999999964,0.09301099999999998,645538.7222367917,132453,43597,3895296,1331200,False,False,False,e61bb11459bddc611391488573fe013a5935d1f077ac2ace62dc82fbe4c11773,4c4f4ac07ec7215a0202042e6018e57bc4659ef51b43117997dda33490fd91bd,93689afc0a2c7044e1377f5df4fc142816a8bef1f1c60514b10a7ded513c34b5,True
62,compact_dnn,P50-FP32-FT,8192,float32,0.0378,0.05381999999999998,0.09644999999999986,23702.299123014935,0.04715,0.055714999999999994,0.12686699999999987,658233.0556412629,132453,43597,3899392,1335296,False,False,False,e7be5ff5e79dcf1c373d211c0332656a503a9a5589424cee6f377b7047614a86,d4ddf4b0d5256ab5591cbd3d0e9999db6bd994d8504d1ee3f72caf5998c6094b,8692e3abc7bcff13b1d9533330fc6726219cb94ee23f5a4b7cff3dd2a2efdb22,True
63,compact_dnn,P50-noFT,3407,float32,0.04085,0.06595499999999994,0.10764399999999996,21525.74479076976,0.0468,0.05301999999999999,0.06162599999999943,681322.19087667,49091,43597,3854336,1392640,False,False,False,e7f6f23e4c48efdee6b74ecbd16284d58e264d1f033579c338a0dc5e5833fb01,83e16d2ebfe35c144a31ca8d08eb908b3c7de747d53de28e88ce6f8c99d628db,816f8f123aa22f92867c3a670e1b2f806bd824b916674564a5ab25f828086d9d,True
64,compact_dnn,P50-QAT,2026,static_int8,0.1382,0.20992,0.35339399999999976,6601.557703555732,0.23075,0.3771849999999996,0.5633279999999998,129497.50919634655,23061,20949,7442432,6045696,False,False,False,114d1068495e7ae860fc7f85b0408065ac777fe18faa38144c89ae241cade1d0,e77353f4b1722547ea12d6deda8bd769354e48b2d47603380f3e74c506cf9fd8,ff284c98fba382a1006c2e8bc260a1591170846e3309e2c85f200c38ff3c9b13,True
65,compact_dnn,B0,3407,float32,0.0414,0.048914999999999986,0.11585899999999995,23663.48629410874,0.05745,0.07119499999999993,0.15683199999999997,512389.41595612664,313779,104397,1785856,2117632,False,False,False,c4423e545427c04b4e86d81e0926fda46964bdd18d6d1e150d2470f8400fa29a,87ffdcb68c2bcb1fe49c3ae8ec24a54fc090158b323cc2cd00d3383ae87e7dce,f192e0b2e5d6725a77d46cd4ef06f47fb4d7d7a2ca4a0c98e0b32edd89f92e95,True
66,compact_dnn,QAT,8192,static_int8,0.14045000000000002,0.21055499999999994,0.30858799999999964,6650.262685376072,0.24435,0.33384499999999956,0.47256999999999966,123910.9390125847,40277,38293,6373376,6459392,False,False,False,b2ebceb7780370e260a6728a176bf142f69ccc4b7086246c8666477384889acb,777333d3fdc409e410c46ef096157a506642a06d78a355bfc5aabf96255ba774,d4581ee94d54fb934b292f1c3d695d706b2a3714ac8935c58b6f96f30ccb9095,True
67,compact_dnn,P25-FP32-FT,3407,float32,0.04,0.05110999999999999,0.10327699999999992,24207.91695716167,0.057,0.07074499999999999,0.13041599999999873,539501.6353643322,215781,71501,4198400,1339392,False,False,False,b3825f4ba73875d56d682a70ea1f554da69d941a942000689f8b1598bc36d3b8,f95878c253f7167baf7d058805bafdce06071ba0fd0f123ac4c72487dc63d497,99362d3e61d47dc0f18e03d197ccf5f35b14af07ba139690559f21c931278256,True
68,tinyml_mlp,B0,3407,float32,0.03005,0.05590999999999999,0.10472899999999997,29233.098883880288,0.0288,0.0356,0.13729499999999928,777576.6338221536,123467,41173,1314816,2142208,False,False,False,6a837cdbd50111dfd2d53a85cfb2d9a78456405095dea6f7ea37bb2b509e9444,0b57ef10d434f8840f42a2f660a067af9ee18f33bb2ded7c85b80e49fe5c37cc,c5f015de074b598b52a630ca41c18c401302e8c78ea7a434a4d3159e1d8a4a57,True
69,tinyml_mlp,DQ,2026,dynamic_int8,0.12025,0.150635,0.256424,7867.436836283359,0.1587,0.2476699999999995,0.44988999999999624,180346.71656259155,16225,14719,4005888,6004736,False,False,False,1b1186160639a3783eb871e465652cc216fc1b787dba9fa4f0ea8a30ac6097ca,55ba1f30d7d5793f6f971ca440eacaf6c2affb268b294e587f2d9a1ac35b6aad,c2c32202e9498e8c375047d217be3e7f11a502cfc39cae911fdc8012d0618ce3,True
70,compact_dnn,QAT,2026,static_int8,0.13555,0.2253999999999997,0.35393899999999895,6850.497483127226,0.24375,0.38533499999999965,0.499445,122870.87806601237,40277,38293,6356992,6660096,False,False,False,c3cd321aebe8fcfa09a53ce34f93462f6d6ca0075b632968a398640ff0163570,9df75e065022c8d22d42733370b96f2c7e64973ad15bf5129b8c4f4d56a77cdf,8257c7a86a484adc33548480f33b077d400beb004c28e9a53228949fc0e4f1c7,True
71,tinyml_mlp,P25-noFT,3407,float32,0.027,0.032,0.04172699999999998,36713.41508187092,0.0273,0.032819999999999995,0.04994099999999987,1097600.7134404636,34353,30101,3137536,1503232,False,False,False,5dda38ea9529f15a792dcfdf653a739358d62595063211ccf1e00d4483c4002c,17cab62faffda67ac9db6b6d7cce7be2d5590fe786cde71a16eb3761f190811a,75d0e2cd4ab9688b5d2f0021e248050773bc2ea635a02b0c823b5a538d8caa4e,True
72,tinyml_mlp,P50-QAT,42,static_int8,0.1318,0.19284999999999977,0.3036279999999998,7249.297543068077,0.19595,0.281275,0.37570499999999973,156924.2840329541,14023,12199,6643712,5222400,False,False,False,f50694012f9573793d29d493c1a5bf60c8b6f700517036dd4acf68dad4c6fd8f,b7be9e96a03bc994309175b760f8b8d35522c2437c501e6bbc33fca2ccf22297,bc7e94907238fcbc90dcb61d162851e6b188be1f09582d5410b4c44380986763,True
73,compact_dnn,P25-noFT,123,float32,0.038650000000000004,0.053805,0.09522799999999988,24191.870563815737,0.0533,0.065105,0.12378499999999992,577190.1661225447,77699,71501,4038656,1425408,False,False,False,bed5bf39eb946088806ef7b3eb29d33fece43fd927272609f2b9b7eb4e411092,8714868fabb5ec5a8fc2408be264ee5d336d95aa065ba32c635e8fc5ec117f9e,5d84e1aba41f6ead6568529c96a8d22b8ce12d61a2ee1ca4e27ef38de811b7c8,True
74,compact_dnn,P25-QAT,3407,static_int8,0.1455,0.19879499999999983,0.34386899999999987,6505.22434567201,0.24685,0.31458499999999984,0.47325199999999923,123531.37600441625,30997,29013,7933952,6066176,False,False,False,1c9c1c0f437fbf70bc5a8fb81baeb64bae10932a33bf4b144fab241dd97523df,108adbc30cd001ad33348cdc24740d909abfa8793ddc1ebe3fea7c91adcea089,23c49455c167a0f790d53939b0e093dc53661f10715c29a4f981f99decd9fb44,True
75,compact_dnn,FP32-FT,8192,float32,0.0416,0.069405,0.14214099999999996,21481.81564305815,0.0584,0.08061,0.15014299999999953,507948.6019508401,314149,104397,1785856,2134016,False,False,False,b019d90b4e2b1618ac85a8671bf822a5e150cd4d67fd6571e2f6136773076d2e,09ed482d9c4ea4c8eada5d958f4d032d10b7566a9412a03bcd52af3dc5718a09,acc821efa98a5ac7a92efb01ef5b8e4bc73a5bf6bb2f6bf759eda391d0179a01,True
76,tinyml_mlp,PTQ,123,static_int8,0.10485,0.18546999999999939,0.3490229999999992,8490.261669864665,0.18265,0.2684849999999999,0.34007499999999996,165783.35224299695,20141,18407,6418432,4853760,False,False,False,a2c83ba9971c84ece4f1aad593b78ddb100c1db01b28447f9f7be08f4beb192c,b981ae758749a590be5cb11ea129fc0f3316b6958fb55413993066303f73025b,1fc34ec316c4a80805b261ef9a459101036682b20bf15bb4cc714eee6500c8dc,True
77,compact_dnn,P50-QAT,3407,static_int8,0.1429,0.17177499999999993,0.25963099999999983,6729.520387082012,0.2455,0.3112,0.4199229999999994,123616.79565950527,23061,20949,7540736,5365760,False,False,False,0321c4282f766699fa9daf0574c5f473ff926374ffaa7bcc16cbc6ee4a510056,cbe132dfffd7ee1ec0005b3c782c280517310a6c877b4bb1a8d7999b3031be8e,02d7e77168ea664b17790c60895436b88efb5119c1e974d1e7acc71fa3af3a54,True
78,compact_dnn,P50-QAT,42,static_int8,0.162,0.20210999999999998,0.22437699999999985,6074.972449999939,0.22755,0.35785499999999987,0.49122199999999977,129663.05838687,23061,20949,7413760,5828608,False,False,False,9ff3dc9060634f7ae6f76cbe892e988579434609adc0048cfcd428147443a24a,9fbf28595ba46a23537ed01aa7af67c3d415e24fb0cdae866ad5a5a6b72c990f,62700fd50f691798e0e7ed1360644d0be529ee975ee043936c6c166bd404298d,True
79,compact_dnn,P25-QAT,8192,static_int8,0.1419,0.21928999999999982,0.33433799999999997,6612.444620776301,0.2395,0.3856399999999998,0.6467479999999994,123940.21433910818,30997,29013,7901184,6012928,False,False,False,0e067a228698d38543c8b2591915a7ef87373b1a42ddc8119e2a08826624d4e3,c5865878a7fb6fa4d98bd3a2134724d371a2cf486496c25341a7d843eecf462e,50e7ccc7828c635823e5541a97c5a8a813a5d0c562c8a424acc5b0f7370ddd05,True
80,compact_dnn,DQ,2026,dynamic_int8,0.16244999999999998,0.23474499999999968,0.395604,5896.0317348012095,0.23885,0.40927499999999983,0.680958999999999,121335.0648858218,33593,32051,4456448,7159808,False,False,False,154db23fe4c1a29fd9377431a08aa724a4d958aad04285f5fa1e537b0881164d,8d05a082820999b740705f52dc5053e5ba460a65d082956419ec3ca2e3230e3a,60b16d5d30eeaecd9db6f5a527ee4ef61f00dbdb41c7187da4509242b41b96ca,True
81,compact_dnn,PTQ,42,static_int8,0.14485,0.17586499999999997,0.27187199999999995,6616.81119987931,0.2301,0.3217099999999997,0.449939,132554.30066215014,40309,38293,6729728,6742016,False,False,False,26553545eeff13a6d4137dd841eb1c80e9adfacb1221423611b7d87b3a8cefa1,7d9b67fbaa0443bfc64733901ea198decf8e932081588559586a45f525b5d4d6,2e1d4a7cba1fd3bc4b79ca5de9ff9601b98ea4e0d4536efe1782175febf03300,True
82,compact_dnn,P50-FP32-FT,123,float32,0.0374,0.0464,0.10617999999999993,25423.42717967753,0.042050000000000004,0.04822999999999999,0.05687399999999939,730860.5883427736,132453,43597,3895296,1527808,False,False,False,157b86e22a953f4059323b6dd340e2e0e6391c25e32dd22f6671ff4ffc1c5d30,677ede6bbce1df9186f933d4a9598bcd144b93c99b6628d70e645ac803b7126b,99e93a699b083b9bed6f3f0170cfc21c0094d42dfc8682332945b6dc68a09796,True
83,tinyml_mlp,PTQ,3407,static_int8,0.1349,0.17973499999999998,0.234703,7227.971672133422,0.2117,0.25650999999999996,0.33729199999999976,149800.11047758147,20205,18407,6397952,4923392,False,False,False,2ea19ddf2d15f7dbdab047345e467a11d76340fdae8e759785806454af2c7e32,3c048d1698d3864e35118cc0c2f707baaf2fcf9950270956bf7883bf4b42f6f9,d7f0308f7944c1e6d2d73934dfb59001fab7a7f1674f9160a7261412b1397f3b,True
84,tinyml_mlp,P25-QAT,42,static_int8,0.0929,0.14270499999999972,0.26933399999999985,9825.363980608661,0.18365,0.27378999999999964,0.37420699999999996,165155.3234205732,16967,15207,6709248,4886528,False,False,False,9fa39c9813d98762cf1565a4b4114a4e96b4a06076d4d844ddd21af8fc002fd7,e04ef4a233ef955f9bd1e5f5f93c34f949b939780a2ae62e8596bbb96f940a08,12b6072ff01d81ea68b81f690c079d3797b7178d2209e44b4067cc310df9d223,True
85,compact_dnn,B0,123,float32,0.0454,0.06318999999999983,0.07491999999999997,20925.755419770656,0.0596,0.06511,0.07041399999999999,539410.6938170049,313779,104397,1785856,2113536,False,False,False,2438258f77ca8ee0de47da4262642a4547f73618331a112a1d409dc18f3100a5,c9ef9b04a0896a8a768329974920399113789f004bc6ed89f0df879e3cefb585,6d3acdf0fbe8944f0e1ad65a9b75d9341dd19aded425c77a2239b001f18b5b24,True
86,tinyml_mlp,B0,2026,float32,0.0298,0.052324999999999976,0.06320200000000001,30677.85794924655,0.0335,0.05150999999999999,0.060103,867032.4459798144,123467,41173,1302528,2060288,False,False,False,9ead9c543eaba11e2c5326013d19752ffd81aaaaddc3717449b2e697141c3d83,cbc6f7ef0b14ff61e64f67230992f01cfbebc9a2f1db6efed93eef78aa15d644,85da654c40b877270f9884e949037209cff5db42e4c822e8dc134911e44d690e,True
87,compact_dnn,P25-noFT,2026,float32,0.0418,0.07811999999999998,0.14978699999999973,20453.996915537264,0.047,0.055889999999999974,0.11734199999999942,642234.9777224741,77699,71501,4022272,1347584,False,False,False,460f297120888d1c6606efe6cfa919d81eb393d5dc2c862485ab9163233868f1,85ff865c30a0b4a7a8079bad6e514b8e74ea16b8345262cdbb5a20dff2c9a641,d8bdc920bdd3ddb696b4c6986b87f571c7e14ba457881c8b097e7bcb17c03c50,True
88,compact_dnn,QAT,123,static_int8,0.1394,0.22891499999999998,0.31374699999999983,6536.862018609139,0.24315,0.34047499999999986,0.46269099999999963,126963.97397238533,40277,38293,6475776,5873664,False,False,False,14c08cb18edf566a8fabd0e8dc26ab37f9e8553ed959f3710dbf9e3b00173782,aab788ce4c0f18869a23b31692c776adfd5e0af1b40b425b52465d87d0d099b9,d1efb5d289049717fdd35c303a78b404fd9ff6b9a2a5924503a30be1e2d9cd12,True
89,compact_dnn,P25-noFT,8192,float32,0.04355,0.07054499999999995,0.09401899999999998,20716.887163402374,0.059,0.08541,0.09734699999999986,508554.03783959884,77699,71501,4009984,1531904,False,False,False,9704513c99b4ac924a59450a3332c302d20c3df010a74ba2a28333f27a379865,86b1cd8ca0e93d43387c4758d9f823563c7363c868804185395588d18b4c02d1,2275cf0c7145cea46b25f706ae219986b3ce4d0c620dc6fb29ba58d3c522622a,True
90,compact_dnn,P25-noFT,42,float32,0.0399,0.05167499999999993,0.11416399999999985,24238.31107448433,0.047850000000000004,0.060009999999999994,0.13556099999999996,610500.6105006105,77699,71501,4038656,1306624,False,False,False,dfc9e8eeaf91a33e451476c34d9ffeeff759fa3999b9060f42626fdebaf66f0a,960f58328782a4e02f2f58c37c30d49d4402574bee74bdb1fbf43ea57603ac32,ceed050cf43a223a9d01a5a1b925d99dbdaaea724726328cb259566141a003fe,True
91,tinyml_mlp,P50-noFT,3407,float32,0.0326,0.053514999999999986,0.08514899999999986,28646.072050600425,0.0267,0.03471,0.043503999999999994,1145659.9180137122,23921,19925,3031040,1396736,False,False,False,75325d0876a660a4d7bc5b73d10aef1b47f064fe3185778936e367d91d120a3b,c12e8214b6bef45d9396c8b40d0f580c5917765c795aa0947905ed45b6669101,7531ad28565198c4ca8bd328337b2fc9087481aca6d575c25974e4db03765ad3,True
92,compact_dnn,B0,42,float32,0.0421,0.06362499999999999,0.0957989999999999,21498.8111157453,0.05565,0.07349499999999987,0.12025699999999968,537986.9201930028,313779,104397,1765376,2314240,False,False,False,313cd89b024d580de280f18ffa37afb5d99bebd4e57eecf0c519abc699d3059f,5c842be353db06d5ade759393e0f3cfafcaf4dae1ccd8ffcc8155204da8b4c0b,491e2962555661241f6c28fbaffcb3ae620e2d78140e57f8f170785a0bddea3c,True
93,compact_dnn,DQ,42,dynamic_int8,0.16805,0.23014499999999996,0.33724099999999996,5551.897471999006,0.23965,0.3226049999999998,0.44548999999999994,128476.13254721998,33593,32051,4485120,7143424,False,False,False,68f0e1c5c7a03943b2ff99fd9ac2b0f94c95ba50dec6659dcd8a898645134948,6e9c68ed2266e3706fe22b007e31fcd36a34ebf5e39007044d5a6d127244cec4,2bee951be088e4f1eddc57455313d4d0f14dc133892016a145befb4788f8c2cd,True
94,tinyml_mlp,B0,123,float32,0.0366,0.063,0.16887799999999994,24173.975265188506,0.0308,0.039305,0.04681299999999999,1003953.0651942022,123467,41173,1302528,2129920,False,False,False,070184cbdfd0447b97bb79850d7507c3e9faeb70314b91c3b659383c95feda29,28bf7baa20b354a28e98b43eaa28b75df39326b1fa666af6e85058c46160c13e,cb53217f076d7f70727fa650a17d0577b518c5ff6b2092d535263b2b5ab2b21e,True
95,tinyml_mlp,P50-noFT,42,float32,0.0305,0.04358499999999992,0.09562199999999998,30454.193847034672,0.02885,0.03191499999999999,0.038001999999999994,1074095.829487287,23921,19925,3022848,1384448,False,False,False,aadb00b1f4edf0f0492f4f8ae3b6bdf242f05657126b1eb4da1e89e5ae4c32c5,a6810400588ffcfeac1e26372e47f32bb4d13a142822bd295a5f7b320cf6c8db,119a235d118b94a1d84aa0b77b0a2b022cc6ffc2ae5750822c2c0f0bef427fcd,True
96,tinyml_mlp,FP32-FT,2026,float32,0.0292,0.036629999999999975,0.04563799999999997,33994.18019635038,0.0329,0.034804999999999996,0.044406999999999995,938168.8117505644,123877,41173,1359872,2150400,False,False,False,94e80dbca3b489332c983241657c40fedba43cd1ff5d8102c8d308bd7e193b6d,1590ad4fd3e3e6aa64b62c7a58a410f797e70019aecea46858ae2da8abbeb95a,a8c839548ac14dc3676dbb1fe8136416ee71590a6abd9676304f1fc099a3880a,True
97,tinyml_mlp,QAT,3407,static_int8,0.106,0.18983499999999998,0.27027399999999985,8354.623699393955,0.1788,0.20901,0.32004599999999994,174304.7555239628,20167,18407,5767168,5029888,False,False,False,55c329c11a2f08e5b1b9f4be4b31595380c73521c99a140f52dd293d822f5659,97ed44009f39110a34e0ce1dd59bea1780cdc43e4bbb51252c5f4e916daffa1f,e1b08bcfe8da451b4e4fdf89a08ccfc5b4bebeb339b0befa7ee24eb7a7d23af8,True
98,tinyml_mlp,P25-FP32-FT,42,float32,0.0269,0.04870999999999999,0.058005999999999995,33552.31812965958,0.0292,0.032539999999999986,0.038909999999999986,1078548.6779352534,90853,30101,3215360,1372160,False,False,False,840db205a9ff5ac989d371c1c6bce7348de1b7743076768c26456ebdf1a21deb,6813946aefc3ce694a9d8f33177014a96a59a3d0ac8604273b389dc6ed9b249c,312964674d9f4f5b14c2a3e6d28d12997a9199d67de65a940eaf62d26c95f770,True
99,tinyml_mlp,P25-FP32-FT,3407,float32,0.03315,0.09321499999999999,0.21958699999999984,22542.018322152493,0.0294,0.03793499999999999,0.06115699999999977,1037378.0270366648,90917,30101,3215360,1581056,False,False,False,3e06ca2f3c05c509e604e09ff6b9e7040a4b44dabb10bc021de75b92b81c7434,1acecff79cb58d840eb47d09cbcdffc51da63716849ac7940f44f73c40f3b982,3540994101c2298f889a2f6f81198f643b8d390ae0b1c24ffe9e190a966c6feb,True
100,compact_dnn,PTQ,3407,static_int8,0.13755,0.20332499999999998,0.292616,6902.140077552446,0.2413,0.35759999999999936,0.5105679999999997,123526.36901958665,40309,38293,6787072,5849088,False,False,False,f870ba2aaabda6ab239a040566df8cc33ec45d22deabf9e7695aa4243f314839,5e12f4b1caa4dc05a1af7b4a836b53759b6a6f28373592ec487ce1a983855e22,bc53a5389e905b4ea94db425a10131556f2dcb4119aa5f666778e2e731fc64fa,True
101,tinyml_mlp,P25-FP32-FT,123,float32,0.0251,0.03242999999999997,0.06758799999999983,37908.655304179054,0.0359,0.051609999999999996,0.07094599999999977,900634.6659911907,90853,30101,3219456,1314816,False,False,False,92cd2900bb6751aed3a564478d1689afa398bcf2daf7ee3ae110b57426bc2445,a7ebde4cd8f28af5fe9284267f0059c3133c2be97ee43f493b292618c88612da,f9940532f5bbd2238282b3518b2ffac9ce41226e9f54e7941e94a42fe211adf8,True
102,tinyml_mlp,P50-noFT,8192,float32,0.03,0.04315999999999994,0.058032999999999973,33924.52471740871,0.02555,0.028734999999999986,0.0372,1224130.6759496578,23921,19925,3026944,1318912,False,False,False,944058226c4ddd6dbc9beccf34d93249a691584b00703b32d61a5617c5d43a3c,2a6fbdda4678f841e4584f8d31b6fde348ff27146b5fc89af01552d01eb2ab3f,6fa0e32d41df593c65fbd4f8a33f6294f07812695452d7e5bc957edcf2ca2de5,True
103,tinyml_mlp,P50-noFT,123,float32,0.0234,0.0276,0.068202,41724.38539980306,0.0253,0.028709999999999996,0.03503199999999997,1194141.2445190784,23921,19925,3076096,1323008,False,False,False,7f809a2fe1f1e7f3345012f9baddd5ff6e1b65d66fa0bacf44e1fedc731b6968,6b9b297b9efc5ddcfab16830f82ade79aad923270d95dc0773e41f8d09b13395,ca2c87540125685a838039047e8cb9d599ad94a34e169549a14e22d6422ba426,True
104,compact_dnn,P50-FP32-FT,3407,float32,0.0417,0.050629999999999974,0.10140799999999964,23589.467774428074,0.04385,0.057384999999999936,0.13798199999999966,665391.333277884,132453,43597,3895296,1331200,False,False,False,bd58309b3244199a4baebca7b11be0fb0b5379e8b5b1d5837c373b665f29690a,d721e8c8eaa1e7394745794cb99088c80cdeb76a8ff1564b8bd74e83cecd4b1b,d4512543f2d8083017255e59c09896006496ac0c8a86389d58830f7db633d064,True
105,compact_dnn,P25-noFT,3407,float32,0.0427,0.07411499999999999,0.10356699999999994,21399.071280306434,0.0534,0.07606999999999994,0.08742899999999998,566692.6400793369,77699,71501,4026368,1310720,False,False,False,96bda23dfe4259e8d6509bd912d75506abe2b5b483d968b0c71b332f41061bad,dba7fd520f1256255a9548dabfd9db35f86e3b37804a409bc667de5c79f59783,862e656e66f8558f9b7d4794aa280e5edfc287dcefaac885450741b6574105e6,True
106,tinyml_mlp,P50-FP32-FT,2026,float32,0.0236,0.02683499999999997,0.060194999999999915,41167.17165063891,0.0251,0.028804999999999997,0.03391999999999998,1234067.9894332928,60773,19925,3100672,1314816,False,False,False,7e80bcb290d0e2e54d35c5f80708a18e0ae20e65c4eaab5b7dec7cfe545d39c2,04cb49357304d936e88b77ac9a054669186252b8fb0206d4d15829190f8b9dc6,cab24a9bd64b59ae40968f606c0758bae73bc3506af6d0f3700a9f762552cd5b,True
107,tinyml_mlp,P25-noFT,42,float32,0.0232,0.027514999999999987,0.034703,41337.68756975735,0.0269,0.0367,0.0893199999999997,1094353.818268869,34289,30101,3121152,1392640,False,False,False,65ff28580f2e6cf7a3e2473491f0424144793e2f372a968ef5bb9282e2b04ff8,c644bbe8f0ca5e075dae2a2eb2b9a4c69e0d02235bdc6d533b8a734283c5d8ab,761ccf6ac2518bdfe4ef33a6e3da46c6e60279437eed897f07d37a0099580c28,True
108,tinyml_mlp,FP32-FT,8192,float32,0.028,0.05032999999999997,0.06882499999999998,33835.90937390033,0.03695,0.059339999999999955,0.124716,754547.9196878057,123877,41173,1314816,2031616,False,False,False,3444cd0f4eb335091652cf5fc42a772f10570345f7391dad82ca62dc27f578d8,8abaa275781e2c6988617e024e6e3f79b4ba6c28592fc6c681050d7d8f3b50b0,87624da09bde1d85ecba598f0712a4355c3d9e074dc5833b7b7ae3e592e88527,True
109,compact_dnn,P25-QAT,42,static_int8,0.1388,0.1895,0.3463819999999999,6813.056541556239,0.2404,0.37573999999999996,0.5084519999999993,126562.25280809998,30997,29013,7053312,6197248,False,False,False,a8f6f8ee1ffed546826216f0fb5e76d55ba6840604042949969f81cd24ff0b34,8de30b3d8dab30ceafad044fb13b8c2491a7f038733ff490b3e9bd11499baf52,31cccd35453e956653297ba2f791e7ca428e6d7932f42a5aa255814095ba7ee9,True
110,compact_dnn,P25-FP32-FT,42,float32,0.0428,0.077705,0.21711999999999998,19888.465485556997,0.05025,0.06146499999999998,0.1180589999999994,590847.4044258164,215781,71501,4173824,1347584,False,False,False,ad26c26accebe11f32cdf1358feb338e3500cc5459cdcf91ec26ca71b71353c4,53afc08d97c58e9083cebb4d74bb07ae8d11aa5bcfba61cb05465e80a1a1aabf,bf42d497fd51be5cec9091ab2495ed0efd298ab866c656917afa75442cb7cfa5,True
