architecture,seed,variant,pruning_ratio,source_checkpoint_path,source_checkpoint_sha256,hidden_layer_index,layer_name,original_width,retained_width,selected_indices,ranked_indices,selected_scores,importance_criterion
compact_dnn,42,P25-noFT,0.25,C:\Users\bozku\Desktop\TinyML_IDS_IEEE\results\v2\phase5_compression\compact_dnn\b0\seed_42\best_checkpoint.pt,bfaa7bf463eb749ac96c61b2c1053ab23e9e96b7f6fbf23b35e18041a1a583f4,0,network.0,128,96,"[0,2,3,4,5,6,7,9,10,13,14,15,16,17,19,21,23,25,26,27,29,30,31,32,33,34,35,36,37,38,40,41,42,44,46,47,49,50,56,57,58,59,60,61,62,63,67,68,69,71,73,74,76,77,79,80,81,82,84,85,86,87,88,89,90,91,92,93,94,95,96,97,98,99,100,101,102,103,104,105,106,107,108,109,110,111,112,113,114,117,119,120,123,125,126,127]","[103,99,44,41,108,49,76,25,42,61,98,69,97,32,13,27,114,77,117,10,29,95,16,110,107,23,37,56,111,81,5,15,60,87,109,106,35,112,14,85,30,71,0,96,40,126,113,90,7,67,26,74,93,17,105,31,36,4,91,119,47,84,94,102,19,79,9,123,101,50,100,59,86,92,3,58,88,57,6,125,33,104,38,21,80,46,68,82,62,73,120,2,127,63,89,34,52,8,118,51,122,64,20,1,22,70,28,48,39,65,124,43,72,116,66,83,18,121,45,78,54,55,11,75,24,53,12,115]","[0.7174918729288817,0.5251789211470888,0.5750126168911954,0.6437413986827903,0.7484136837009671,0.5725697682320989,0.6954385735229598,0.5916236116707618,0.8536443885236312,0.9143583746340825,0.7265036767283242,0.7409921910375546,0.8189211883293198,0.6750275599990687,0.6129297052421918,0.5529688569333083,0.7750834871723671,1.1044784158711676,0.6905850673688523,0.8806310710355617,0.8455564327812928,0.7221755141583632,0.6516084745093782,0.9302752831180165,0.5571792135481499,0.5165480130289232,0.730805906097593,0.6455480570140992,0.7704220301209111,0.5567264821077205,0.7070563091189098,1.330780791410865,1.0771540061212745,1.4286301448689578,0.546381890467386,0.6198934981459003,1.1706376762682864,0.5846754419207689,0.7610805805976028,0.572695233096363,0.5747564265038375,0.5784208887754811,0.7405468288787039,1.0161132323995976,0.538652262166353,0.5191754452894668,0.6941505721824993,0.5461121249227824,0.9609109191064629,0.7181117793548749,0.531279940725306,0.6889154954274133,1.1548716666455652,0.8732808870798313,0.5943501566081154,0.547264900650409,0.7517278044579689,0.545264345917648,0.6171097671698931,0.7227853191606587,0.5770643168278601,0.7398108961408028,0.5745671731334424,0.517102348437527,0.6958333931839412,0.6377190867602628,0.5756454772454972,0.686828923324148,0.6168153545497677,0.8396780095466377,0.7144231510798337,0.9491448246001168,0.9720313047677234,1.4967932003394493,0.5815567382098318,0.5864829703137294,0.6133858006298968,1.6719194744725585,0.5567593145047569,0.6533759845071746,0.7312410189339956,0.7763109753372743,1.2413726436659942,0.7327809697107638,0.8157348631737676,0.756519322213615,0.728959711896365,0.7017312012081272,0.8787937334705856,0.8598472502608784,0.6221171394457712,0.5297007960691749,0.5895662005086314,0.5652864604587586,0.7056608499882615,0.5206779959014763]","For hidden unit j: score_j = L2([incoming weight row j, bias j]) * L2(outgoing weight column j). Scores are computed independently on the original B0 checkpoint. Ranking is descending by score, with ascending original unit index as the deterministic tie-break. P25 and P50 are each generated directly from the same B0 checkpoint."
compact_dnn,42,P25-noFT,0.25,C:\Users\bozku\Desktop\TinyML_IDS_IEEE\results\v2\phase5_compression\compact_dnn\b0\seed_42\best_checkpoint.pt,bfaa7bf463eb749ac96c61b2c1053ab23e9e96b7f6fbf23b35e18041a1a583f4,1,network.3,64,48,"[0,1,2,3,4,5,6,7,9,12,13,14,15,16,18,19,20,22,24,25,26,27,28,29,30,31,33,34,35,36,37,38,40,43,44,45,46,48,49,53,54,55,56,58,60,61,62,63]","[14,36,2,58,15,1,33,3,40,9,38,53,20,24,55,26,28,37,45,22,44,7,30,54,29,27,31,12,35,49,4,62,0,5,13,61,48,46,19,56,43,63,16,6,60,25,34,18,23,11,32,57,47,52,41,50,10,8,42,59,17,39,51,21]","[0.583967734530891,1.0800430082889259,1.1734586920217251,1.0767185581723109,0.6107687920224116,0.5815613642340146,0.5376563275567648,0.6987565079671985,0.8907675518814714,0.6359469941880702,0.5815525687572468,2.022464253329956,1.1135648064395738,0.5417736350692107,0.4891537479693822,0.5627449226211074,0.817036851877629,0.7586272008303162,0.7954767669423575,0.5302298312108866,0.7852262008500029,0.6860020574080643,0.7696669998478327,0.6903368515158904,0.693644973680731,0.6669154267048921,1.0800189929994977,0.5119523714242771,0.6251889461068189,1.4948946644895154,0.7603760958158354,0.8726164293378491,1.0006345535763748,0.5583503514359616,0.7424332751302478,0.7603504439454102,0.5679029216174217,0.568872576635957,0.616227894311291,0.821398893910035,0.6905688957912444,0.7912486235372952,0.561079755154071,1.164409981735836,0.5315146958833101,0.5726171232353251,0.6081064088235731,0.551618387239512]","For hidden unit j: score_j = L2([incoming weight row j, bias j]) * L2(outgoing weight column j). Scores are computed independently on the original B0 checkpoint. Ranking is descending by score, with ascending original unit index as the deterministic tie-break. P25 and P50 are each generated directly from the same B0 checkpoint."
compact_dnn,42,P25-noFT,0.25,C:\Users\bozku\Desktop\TinyML_IDS_IEEE\results\v2\phase5_compression\compact_dnn\b0\seed_42\best_checkpoint.pt,bfaa7bf463eb749ac96c61b2c1053ab23e9e96b7f6fbf23b35e18041a1a583f4,2,network.6,32,24,"[0,1,3,5,6,7,8,9,10,14,15,16,17,18,20,22,23,24,25,26,27,28,29,31]","[3,7,29,0,8,15,6,17,23,20,24,16,1,10,9,14,26,31,27,18,5,22,28,25,12,21,13,19,2,4,30,11]","[0.36755341648571727,0.27901998445407084,1.1029293281238184,0.1847608504051245,0.3407068794534401,1.0284738852034843,0.3541201169189141,0.24853931103496277,0.26993481053059526,0.23942978773966098,0.3505486284309517,0.2941864035579922,0.31941724503864205,0.18951440008515832,0.3089209756715918,0.18447017623792117,0.31128899365336304,0.2997928458116107,0.17910304215546957,0.2377554650984635,0.19396955179930464,0.18258241530263453,0.46784562743151054,0.1983086741367135]","For hidden unit j: score_j = L2([incoming weight row j, bias j]) * L2(outgoing weight column j). Scores are computed independently on the original B0 checkpoint. Ranking is descending by score, with ascending original unit index as the deterministic tie-break. P25 and P50 are each generated directly from the same B0 checkpoint."
compact_dnn,42,P50-noFT,0.5,C:\Users\bozku\Desktop\TinyML_IDS_IEEE\results\v2\phase5_compression\compact_dnn\b0\seed_42\best_checkpoint.pt,bfaa7bf463eb749ac96c61b2c1053ab23e9e96b7f6fbf23b35e18041a1a583f4,0,network.0,128,64,"[0,4,5,7,10,13,14,15,16,17,23,25,26,27,29,30,31,32,35,36,37,40,41,42,44,47,49,56,60,61,67,69,71,74,76,77,81,84,85,87,90,91,93,94,95,96,97,98,99,102,103,105,106,107,108,109,110,111,112,113,114,117,119,126]","[103,99,44,41,108,49,76,25,42,61,98,69,97,32,13,27,114,77,117,10,29,95,16,110,107,23,37,56,111,81,5,15,60,87,109,106,35,112,14,85,30,71,0,96,40,126,113,90,7,67,26,74,93,17,105,31,36,4,91,119,47,84,94,102,19,79,9,123,101,50,100,59,86,92,3,58,88,57,6,125,33,104,38,21,80,46,68,82,62,73,120,2,127,63,89,34,52,8,118,51,122,64,20,1,22,70,28,48,39,65,124,43,72,116,66,83,18,121,45,78,54,55,11,75,24,53,12,115]","[0.7174918729288817,0.6437413986827903,0.7484136837009671,0.6954385735229598,0.8536443885236312,0.9143583746340825,0.7265036767283242,0.7409921910375546,0.8189211883293198,0.6750275599990687,0.7750834871723671,1.1044784158711676,0.6905850673688523,0.8806310710355617,0.8455564327812928,0.7221755141583632,0.6516084745093782,0.9302752831180165,0.730805906097593,0.6455480570140992,0.7704220301209111,0.7070563091189098,1.330780791410865,1.0771540061212745,1.4286301448689578,0.6198934981459003,1.1706376762682864,0.7610805805976028,0.7405468288787039,1.0161132323995976,0.6941505721824993,0.9609109191064629,0.7181117793548749,0.6889154954274133,1.1548716666455652,0.8732808870798313,0.7517278044579689,0.6171097671698931,0.7227853191606587,0.7398108961408028,0.6958333931839412,0.6377190867602628,0.686828923324148,0.6168153545497677,0.8396780095466377,0.7144231510798337,0.9491448246001168,0.9720313047677234,1.4967932003394493,0.6133858006298968,1.6719194744725585,0.6533759845071746,0.7312410189339956,0.7763109753372743,1.2413726436659942,0.7327809697107638,0.8157348631737676,0.756519322213615,0.728959711896365,0.7017312012081272,0.8787937334705856,0.8598472502608784,0.6221171394457712,0.7056608499882615]","For hidden unit j: score_j = L2([incoming weight row j, bias j]) * L2(outgoing weight column j). Scores are computed independently on the original B0 checkpoint. Ranking is descending by score, with ascending original unit index as the deterministic tie-break. P25 and P50 are each generated directly from the same B0 checkpoint."
compact_dnn,42,P50-noFT,0.5,C:\Users\bozku\Desktop\TinyML_IDS_IEEE\results\v2\phase5_compression\compact_dnn\b0\seed_42\best_checkpoint.pt,bfaa7bf463eb749ac96c61b2c1053ab23e9e96b7f6fbf23b35e18041a1a583f4,1,network.3,64,32,"[1,2,3,4,7,9,12,14,15,20,22,24,26,27,28,29,30,31,33,35,36,37,38,40,44,45,49,53,54,55,58,62]","[14,36,2,58,15,1,33,3,40,9,38,53,20,24,55,26,28,37,45,22,44,7,30,54,29,27,31,12,35,49,4,62,0,5,13,61,48,46,19,56,43,63,16,6,60,25,34,18,23,11,32,57,47,52,41,50,10,8,42,59,17,39,51,21]","[1.0800430082889259,1.1734586920217251,1.0767185581723109,0.6107687920224116,0.6987565079671985,0.8907675518814714,0.6359469941880702,2.022464253329956,1.1135648064395738,0.817036851877629,0.7586272008303162,0.7954767669423575,0.7852262008500029,0.6860020574080643,0.7696669998478327,0.6903368515158904,0.693644973680731,0.6669154267048921,1.0800189929994977,0.6251889461068189,1.4948946644895154,0.7603760958158354,0.8726164293378491,1.0006345535763748,0.7424332751302478,0.7603504439454102,0.616227894311291,0.821398893910035,0.6905688957912444,0.7912486235372952,1.164409981735836,0.6081064088235731]","For hidden unit j: score_j = L2([incoming weight row j, bias j]) * L2(outgoing weight column j). Scores are computed independently on the original B0 checkpoint. Ranking is descending by score, with ascending original unit index as the deterministic tie-break. P25 and P50 are each generated directly from the same B0 checkpoint."
compact_dnn,42,P50-noFT,0.5,C:\Users\bozku\Desktop\TinyML_IDS_IEEE\results\v2\phase5_compression\compact_dnn\b0\seed_42\best_checkpoint.pt,bfaa7bf463eb749ac96c61b2c1053ab23e9e96b7f6fbf23b35e18041a1a583f4,2,network.6,32,16,"[0,1,3,6,7,8,9,10,14,15,16,17,20,23,24,29]","[3,7,29,0,8,15,6,17,23,20,24,16,1,10,9,14,26,31,27,18,5,22,28,25,12,21,13,19,2,4,30,11]","[0.36755341648571727,0.27901998445407084,1.1029293281238184,0.3407068794534401,1.0284738852034843,0.3541201169189141,0.24853931103496277,0.26993481053059526,0.23942978773966098,0.3505486284309517,0.2941864035579922,0.31941724503864205,0.3089209756715918,0.31128899365336304,0.2997928458116107,0.46784562743151054]","For hidden unit j: score_j = L2([incoming weight row j, bias j]) * L2(outgoing weight column j). Scores are computed independently on the original B0 checkpoint. Ranking is descending by score, with ascending original unit index as the deterministic tie-break. P25 and P50 are each generated directly from the same B0 checkpoint."
compact_dnn,123,P25-noFT,0.25,C:\Users\bozku\Desktop\TinyML_IDS_IEEE\results\v2\phase5_compression\compact_dnn\b0\seed_123\best_checkpoint.pt,846daa7d293dc3485b0343cd0f3b2f78b5e80872923162019cd3b68e21ace6de,0,network.0,128,96,"[1,2,3,4,7,8,9,10,11,12,13,15,18,19,20,21,22,24,25,27,28,29,30,31,32,33,34,35,36,37,38,39,40,41,42,43,45,47,48,49,50,51,52,53,54,55,57,61,63,64,65,68,69,73,74,75,76,77,78,79,81,82,83,84,86,87,88,89,91,92,94,95,96,97,98,99,101,103,104,105,106,108,109,110,112,113,114,115,116,118,120,121,122,124,125,126]","[47,96,1,48,98,30,36,92,109,124,13,122,25,33,32,63,105,118,89,91,50,78,74,113,55,29,103,114,116,99,86,87,97,94,120,101,51,34,69,68,39,61,77,37,24,15,112,2,45,108,20,10,35,75,104,88,21,18,84,12,125,76,73,106,82,8,110,27,64,28,43,19,40,53,54,7,126,65,3,81,121,31,57,52,79,41,83,42,22,38,11,49,95,9,115,4,5,56,26,85,70,44,17,60,72,117,6,123,62,58,0,80,100,66,14,71,16,59,119,107,23,127,90,111,46,93,67,102]","[1.0328200035632173,0.6111010342453453,0.5122752804900489,0.4784294749605947,0.5170059408512013,0.5454022018751062,0.4802555456793926,0.5975201096169511,0.4831818997316023,0.5752144418139068,0.8447707057592833,0.6153788967763426,0.5815315524638066,0.5259523114623279,0.606883352879846,0.5824891044237966,0.48766381074346193,0.6180903473324671,0.8123437708023927,0.5433600255054076,0.5307794823513426,0.7192414377539839,0.9545520280768681,0.49749311606683283,0.7928412001608064,0.7943952902584761,0.6591933809765804,0.5940920371287004,0.9067669511147278,0.620562714940132,0.4855790203398578,0.6387276415923612,0.525012325565423,0.4959003857392619,0.48773670373415107,0.5288192484455573,0.6075744751843664,1.3962406635727196,1.0229932817608036,0.4829830341321776,0.7419186303655803,0.6619509999120006,0.4967982508745742,0.521779511074749,0.5199304513791648,0.7269484095520431,0.49692774758683733,0.633714876297026,0.7854442701074164,0.5368462060916772,0.514156340692289,0.6409058505844755,0.6514001909813918,0.5584915302135393,0.7281583279201512,0.5930523365071211,0.5634500832387257,0.6335799843576606,0.7336259877205827,0.49674326194827445,0.5109365920290593,0.5461753515495886,0.4947391428586168,0.578717806373756,0.6887407199148693,0.6869188494282769,0.5873908163122831,0.7512355824836591,0.7486787935615695,0.8961700213934977,0.6767765890667577,0.4829382871320258,1.2483716959432767,0.6866118699589198,0.9628818686733329,0.6969983679475741,0.6620254035347493,0.7167639721219526,0.5891941896808414,0.7838698813122288,0.5463907796242894,0.6072917663883025,0.8542848875114523,0.5434677428402837,0.6121470128617928,0.7269705617619676,0.7101891079110805,0.4790645838859999,0.6982367768171507,0.7580226709726144,0.6731619960043523,0.5092129312963175,0.8125858845230225,0.8478335576442633,0.5708130774935587,0.5167339711089561]","For hidden unit j: score_j = L2([incoming weight row j, bias j]) * L2(outgoing weight column j). Scores are computed independently on the original B0 checkpoint. Ranking is descending by score, with ascending original unit index as the deterministic tie-break. P25 and P50 are each generated directly from the same B0 checkpoint."
compact_dnn,123,P25-noFT,0.25,C:\Users\bozku\Desktop\TinyML_IDS_IEEE\results\v2\phase5_compression\compact_dnn\b0\seed_123\best_checkpoint.pt,846daa7d293dc3485b0343cd0f3b2f78b5e80872923162019cd3b68e21ace6de,1,network.3,64,48,"[1,3,4,6,7,8,10,12,13,14,16,17,18,19,20,22,23,24,25,26,29,32,33,34,35,36,37,38,39,41,42,44,45,48,50,51,52,53,54,55,56,57,58,59,60,61,62,63]","[29,6,7,34,56,1,25,41,51,26,4,48,53,13,39,37,17,55,63,32,35,59,18,61,10,44,36,62,22,12,8,57,33,42,14,45,58,52,23,3,16,19,24,50,54,60,38,20,28,43,27,31,49,9,0,40,46,30,47,11,15,21,5,2]","[1.045932326763034,0.5389529997680833,0.8650611519304838,1.5453657317348144,1.429204785749635,0.6446002868146388,0.6815751726922866,0.6448201667487092,0.8042026945058609,0.5586835132305717,0.5379219959235043,0.766099307571477,0.7452490485354866,0.529319416873276,0.5082032186304953,0.6654201488629372,0.5399675685416769,0.5277908110497267,0.987138891819858,0.9036553724639789,1.6434485185949521,0.7609142120536079,0.6355590841371754,1.3471685172273151,0.756961223053142,0.6677634599690528,0.7817476932359289,0.5120414931801649,0.7922904598884749,0.9760848371351663,0.6199200804296956,0.6796204465292782,0.5523307766448508,0.8534716904488071,0.5265917441325755,0.9376392505465343,0.5412629084916039,0.8455417062523682,0.5239519107486876,0.7639818685782443,1.2710281279959532,0.6396537205063016,0.5477037022357186,0.752072307711122,0.5209044442366555,0.7163948351586505,0.6665833708807493,0.7629041813949902]","For hidden unit j: score_j = L2([incoming weight row j, bias j]) * L2(outgoing weight column j). Scores are computed independently on the original B0 checkpoint. Ranking is descending by score, with ascending original unit index as the deterministic tie-break. P25 and P50 are each generated directly from the same B0 checkpoint."
compact_dnn,123,P25-noFT,0.25,C:\Users\bozku\Desktop\TinyML_IDS_IEEE\results\v2\phase5_compression\compact_dnn\b0\seed_123\best_checkpoint.pt,846daa7d293dc3485b0343cd0f3b2f78b5e80872923162019cd3b68e21ace6de,2,network.6,32,24,"[0,2,4,5,7,8,9,10,11,14,17,18,19,20,21,22,24,25,26,27,28,29,30,31]","[27,17,20,19,5,31,24,11,8,25,7,4,26,22,21,0,28,18,10,9,14,29,30,2,6,12,13,16,23,1,15,3]","[0.24089828013962425,0.19065719171738066,0.3010531489047871,0.39843019810784563,0.3039217086995415,0.3413125168691001,0.21912177754669085,0.22177947440962664,0.34451152504696986,0.20948262444350763,0.8124048226782203,0.22739007414557788,0.6829696010513207,0.7921753923349654,0.27069099247066525,0.27591640834687664,0.3668255605068889,0.3070351102598387,0.2995776522692214,0.888685868877787,0.23779610524000752,0.2089965202666267,0.20105986756915042,0.37170688252227335]","For hidden unit j: score_j = L2([incoming weight row j, bias j]) * L2(outgoing weight column j). Scores are computed independently on the original B0 checkpoint. Ranking is descending by score, with ascending original unit index as the deterministic tie-break. P25 and P50 are each generated directly from the same B0 checkpoint."
compact_dnn,123,P50-noFT,0.5,C:\Users\bozku\Desktop\TinyML_IDS_IEEE\results\v2\phase5_compression\compact_dnn\b0\seed_123\best_checkpoint.pt,846daa7d293dc3485b0343cd0f3b2f78b5e80872923162019cd3b68e21ace6de,0,network.0,128,64,"[1,2,10,12,13,15,18,20,21,24,25,29,30,32,33,34,35,36,37,39,45,47,48,50,51,55,61,63,68,69,73,74,75,76,77,78,84,86,87,88,89,91,92,94,96,97,98,99,101,103,104,105,106,108,109,112,113,114,116,118,120,122,124,125]","[47,96,1,48,98,30,36,92,109,124,13,122,25,33,32,63,105,118,89,91,50,78,74,113,55,29,103,114,116,99,86,87,97,94,120,101,51,34,69,68,39,61,77,37,24,15,112,2,45,108,20,10,35,75,104,88,21,18,84,12,125,76,73,106,82,8,110,27,64,28,43,19,40,53,54,7,126,65,3,81,121,31,57,52,79,41,83,42,22,38,11,49,95,9,115,4,5,56,26,85,70,44,17,60,72,117,6,123,62,58,0,80,100,66,14,71,16,59,119,107,23,127,90,111,46,93,67,102]","[1.0328200035632173,0.6111010342453453,0.5975201096169511,0.5752144418139068,0.8447707057592833,0.6153788967763426,0.5815315524638066,0.606883352879846,0.5824891044237966,0.6180903473324671,0.8123437708023927,0.7192414377539839,0.9545520280768681,0.7928412001608064,0.7943952902584761,0.6591933809765804,0.5940920371287004,0.9067669511147278,0.620562714940132,0.6387276415923612,0.6075744751843664,1.3962406635727196,1.0229932817608036,0.7419186303655803,0.6619509999120006,0.7269484095520431,0.633714876297026,0.7854442701074164,0.6409058505844755,0.6514001909813918,0.5584915302135393,0.7281583279201512,0.5930523365071211,0.5634500832387257,0.6335799843576606,0.7336259877205827,0.578717806373756,0.6887407199148693,0.6869188494282769,0.5873908163122831,0.7512355824836591,0.7486787935615695,0.8961700213934977,0.6767765890667577,1.2483716959432767,0.6866118699589198,0.9628818686733329,0.6969983679475741,0.6620254035347493,0.7167639721219526,0.5891941896808414,0.7838698813122288,0.5463907796242894,0.6072917663883025,0.8542848875114523,0.6121470128617928,0.7269705617619676,0.7101891079110805,0.6982367768171507,0.7580226709726144,0.6731619960043523,0.8125858845230225,0.8478335576442633,0.5708130774935587]","For hidden unit j: score_j = L2([incoming weight row j, bias j]) * L2(outgoing weight column j). Scores are computed independently on the original B0 checkpoint. Ranking is descending by score, with ascending original unit index as the deterministic tie-break. P25 and P50 are each generated directly from the same B0 checkpoint."
compact_dnn,123,P50-noFT,0.5,C:\Users\bozku\Desktop\TinyML_IDS_IEEE\results\v2\phase5_compression\compact_dnn\b0\seed_123\best_checkpoint.pt,846daa7d293dc3485b0343cd0f3b2f78b5e80872923162019cd3b68e21ace6de,1,network.3,64,32,"[1,4,6,7,8,10,12,13,17,18,22,25,26,29,32,34,35,36,37,39,41,44,48,51,53,55,56,57,59,61,62,63]","[29,6,7,34,56,1,25,41,51,26,4,48,53,13,39,37,17,55,63,32,35,59,18,61,10,44,36,62,22,12,8,57,33,42,14,45,58,52,23,3,16,19,24,50,54,60,38,20,28,43,27,31,49,9,0,40,46,30,47,11,15,21,5,2]","[1.045932326763034,0.8650611519304838,1.5453657317348144,1.429204785749635,0.6446002868146388,0.6815751726922866,0.6448201667487092,0.8042026945058609,0.766099307571477,0.7452490485354866,0.6654201488629372,0.987138891819858,0.9036553724639789,1.6434485185949521,0.7609142120536079,1.3471685172273151,0.756961223053142,0.6677634599690528,0.7817476932359289,0.7922904598884749,0.9760848371351663,0.6796204465292782,0.8534716904488071,0.9376392505465343,0.8455417062523682,0.7639818685782443,1.2710281279959532,0.6396537205063016,0.752072307711122,0.7163948351586505,0.6665833708807493,0.7629041813949902]","For hidden unit j: score_j = L2([incoming weight row j, bias j]) * L2(outgoing weight column j). Scores are computed independently on the original B0 checkpoint. Ranking is descending by score, with ascending original unit index as the deterministic tie-break. P25 and P50 are each generated directly from the same B0 checkpoint."
compact_dnn,123,P50-noFT,0.5,C:\Users\bozku\Desktop\TinyML_IDS_IEEE\results\v2\phase5_compression\compact_dnn\b0\seed_123\best_checkpoint.pt,846daa7d293dc3485b0343cd0f3b2f78b5e80872923162019cd3b68e21ace6de,2,network.6,32,16,"[0,4,5,7,8,11,17,19,20,21,22,24,25,26,27,31]","[27,17,20,19,5,31,24,11,8,25,7,4,26,22,21,0,28,18,10,9,14,29,30,2,6,12,13,16,23,1,15,3]","[0.24089828013962425,0.3010531489047871,0.39843019810784563,0.3039217086995415,0.3413125168691001,0.34451152504696986,0.8124048226782203,0.6829696010513207,0.7921753923349654,0.27069099247066525,0.27591640834687664,0.3668255605068889,0.3070351102598387,0.2995776522692214,0.888685868877787,0.37170688252227335]","For hidden unit j: score_j = L2([incoming weight row j, bias j]) * L2(outgoing weight column j). Scores are computed independently on the original B0 checkpoint. Ranking is descending by score, with ascending original unit index as the deterministic tie-break. P25 and P50 are each generated directly from the same B0 checkpoint."
compact_dnn,2026,P25-noFT,0.25,C:\Users\bozku\Desktop\TinyML_IDS_IEEE\results\v2\phase5_compression\compact_dnn\b0\seed_2026\best_checkpoint.pt,7404110900abe7bf20e384481f693da8abde7fb316436556b680f7786080da9a,0,network.0,128,96,"[0,1,2,3,4,6,7,8,10,11,12,13,15,16,17,18,19,20,22,23,24,25,26,27,28,29,30,31,32,33,34,35,39,40,42,43,44,46,49,51,52,54,55,56,57,59,62,63,64,66,67,69,70,71,73,74,75,77,80,81,82,83,84,85,86,87,89,90,91,92,93,94,96,97,98,99,100,101,104,105,107,108,110,111,112,113,116,119,120,121,122,123,124,125,126,127]","[59,7,67,43,26,94,11,15,120,31,104,16,13,33,49,12,108,29,127,110,1,113,86,105,81,123,25,87,116,17,66,126,30,77,121,112,62,19,4,18,96,0,20,70,89,111,91,57,122,52,54,124,98,56,90,39,99,92,64,51,40,24,32,46,6,23,125,44,93,84,63,97,75,73,34,10,82,3,55,8,85,27,107,100,42,74,2,28,83,119,69,22,101,71,80,35,65,68,5,60,102,88,53,45,21,79,41,78,9,95,117,103,50,118,109,106,61,14,36,114,47,38,72,37,48,115,76,58]","[0.7878270996819092,0.9676262668289509,0.5650278440473909,0.5908938630071934,0.8017133026317627,0.6529953724393696,1.4821128284016567,0.5894918048917605,0.5980548630286797,1.3019189922680494,1.0331142289319832,1.0776374773800728,1.2763205278676382,1.0943298846348921,0.884700644334235,0.7999606160287349,0.8068743708878695,0.7783060537411177,0.5527461756101788,0.6405847978150048,0.6543866805819522,0.9165574728742937,1.4042347392469843,0.5831415373303406,0.5649664321427624,0.9900564369563021,0.8681090550989721,1.2178437596133866,0.6536572090071155,1.0625666481397376,0.6000366380786636,0.5433375955915725,0.6831632691768078,0.6584442082166915,0.5682933225229381,1.4081493571809789,0.6354192037182267,0.6534310795604544,1.0487641628658568,0.661921374649467,0.7413878464718968,0.7413672981957804,0.5905909841797122,0.7189609490801389,0.7526908659694899,1.655112444193283,0.8150745557643663,0.6241434287925735,0.6653193884842917,0.8779963824902856,1.4247429777715606,0.5545749615764313,0.7750359248615898,0.5485701834483999,0.6148334910161027,0.568231602230337,0.6213523773593713,0.847310350689024,0.5461413399548591,0.9376010467846942,0.5953608822512075,0.5641857211266355,0.6350084029739146,0.5838752631172403,0.950054977101935,0.8889037297020967,0.7716885292459871,0.6905963661510994,0.7607759955072432,0.6680425694123149,0.6353349972953235,1.3676363285527864,0.7959009501114886,0.6233098971684002,0.7200400084939274,0.6786484802973787,0.5699642147225252,0.5490578719053036,1.183708010443772,0.9405417812267653,0.5714649820244635,1.0300703139466914,0.9724679728168883,0.7644750034022004,0.8171126863508045,0.9648151082486838,0.8852284173319148,0.5630089660519088,1.2213429117532093,0.8426979789686082,0.7421483629873893,0.9306301534514559,0.7368429767993745,0.6384102901015598,0.8702811750648335,0.983977110729321]","For hidden unit j: score_j = L2([incoming weight row j, bias j]) * L2(outgoing weight column j). Scores are computed independently on the original B0 checkpoint. Ranking is descending by score, with ascending original unit index as the deterministic tie-break. P25 and P50 are each generated directly from the same B0 checkpoint."
compact_dnn,2026,P25-noFT,0.25,C:\Users\bozku\Desktop\TinyML_IDS_IEEE\results\v2\phase5_compression\compact_dnn\b0\seed_2026\best_checkpoint.pt,7404110900abe7bf20e384481f693da8abde7fb316436556b680f7786080da9a,1,network.3,64,48,"[0,1,2,3,4,6,9,11,12,13,14,15,16,17,18,19,20,21,23,24,25,26,27,28,30,31,32,33,35,36,37,39,40,41,42,45,46,47,48,50,51,52,55,56,58,60,61,63]","[63,50,41,13,48,58,24,55,46,56,15,35,14,16,17,18,37,31,20,32,51,33,23,52,2,6,61,25,26,60,36,4,30,9,45,3,19,39,12,21,42,0,1,27,47,28,11,40,57,54,34,29,62,53,49,5,44,7,59,38,8,22,43,10]","[0.5448216205630266,0.5194339130031005,0.7363453037767094,0.5806811434274571,0.6072115512672315,0.6971103369996388,0.5900614647431461,0.5027094693908777,0.5653361047662501,1.7421309812892396,1.0783257856596997,1.1549790163837124,1.039805183574891,1.019141153370001,0.9800722285152014,0.5756245863447886,0.8327708871746339,0.5617032635058159,0.7774985248381567,1.5160177644022745,0.632905031525978,0.6319777278540928,0.518000958464398,0.5031103110391357,0.6058159647072633,0.9008986040002385,0.8024900657658107,0.7950222551435466,1.1183930766227255,0.6194529296935393,0.9028971904918112,0.5665871078527764,0.4975176581735468,2.0188973367505967,0.5505985160320311,0.589168279798438,1.2638073645977124,0.5059019851613539,1.6573498863589609,2.2930217331993306,0.7976612043186834,0.7475642641928388,1.4360905011572274,1.2129066338768697,1.614745373706234,0.627810488615954,0.6898396605241341,2.4775937569175572]","For hidden unit j: score_j = L2([incoming weight row j, bias j]) * L2(outgoing weight column j). Scores are computed independently on the original B0 checkpoint. Ranking is descending by score, with ascending original unit index as the deterministic tie-break. P25 and P50 are each generated directly from the same B0 checkpoint."
compact_dnn,2026,P25-noFT,0.25,C:\Users\bozku\Desktop\TinyML_IDS_IEEE\results\v2\phase5_compression\compact_dnn\b0\seed_2026\best_checkpoint.pt,7404110900abe7bf20e384481f693da8abde7fb316436556b680f7786080da9a,2,network.6,32,24,"[0,1,3,4,5,6,9,10,11,13,14,15,16,17,19,20,21,24,25,26,27,28,29,31]","[25,31,26,14,28,11,0,29,20,17,9,19,4,5,21,15,3,1,10,16,6,27,13,24,12,23,30,2,22,18,7,8]","[0.3847118882566767,0.3031302047672191,0.3147802215432087,0.3279037207883626,0.3248056784448118,0.25710706798830235,0.3404613914905767,0.2953262915040838,0.43840055679994905,0.2498974894820477,0.593339084354185,0.3173482968979177,0.2662042162766291,0.3629500606738059,0.3401402862080702,0.37347352839808395,0.32430479690407377,0.24851834072252169,1.4279791376694357,0.6020851687473092,0.25398766188471816,0.4613062991838701,0.3777847362518346,0.9656051390852797]","For hidden unit j: score_j = L2([incoming weight row j, bias j]) * L2(outgoing weight column j). Scores are computed independently on the original B0 checkpoint. Ranking is descending by score, with ascending original unit index as the deterministic tie-break. P25 and P50 are each generated directly from the same B0 checkpoint."
compact_dnn,2026,P50-noFT,0.5,C:\Users\bozku\Desktop\TinyML_IDS_IEEE\results\v2\phase5_compression\compact_dnn\b0\seed_2026\best_checkpoint.pt,7404110900abe7bf20e384481f693da8abde7fb316436556b680f7786080da9a,0,network.0,128,64,"[0,1,4,7,11,12,13,15,16,17,18,19,20,24,25,26,29,30,31,32,33,39,40,43,46,49,51,52,54,56,57,59,62,64,66,67,70,77,81,86,87,89,90,91,92,94,96,98,99,104,105,108,110,111,112,113,116,120,121,122,123,124,126,127]","[59,7,67,43,26,94,11,15,120,31,104,16,13,33,49,12,108,29,127,110,1,113,86,105,81,123,25,87,116,17,66,126,30,77,121,112,62,19,4,18,96,0,20,70,89,111,91,57,122,52,54,124,98,56,90,39,99,92,64,51,40,24,32,46,6,23,125,44,93,84,63,97,75,73,34,10,82,3,55,8,85,27,107,100,42,74,2,28,83,119,69,22,101,71,80,35,65,68,5,60,102,88,53,45,21,79,41,78,9,95,117,103,50,118,109,106,61,14,36,114,47,38,72,37,48,115,76,58]","[0.7878270996819092,0.9676262668289509,0.8017133026317627,1.4821128284016567,1.3019189922680494,1.0331142289319832,1.0776374773800728,1.2763205278676382,1.0943298846348921,0.884700644334235,0.7999606160287349,0.8068743708878695,0.7783060537411177,0.6543866805819522,0.9165574728742937,1.4042347392469843,0.9900564369563021,0.8681090550989721,1.2178437596133866,0.6536572090071155,1.0625666481397376,0.6831632691768078,0.6584442082166915,1.4081493571809789,0.6534310795604544,1.0487641628658568,0.661921374649467,0.7413878464718968,0.7413672981957804,0.7189609490801389,0.7526908659694899,1.655112444193283,0.8150745557643663,0.6653193884842917,0.8779963824902856,1.4247429777715606,0.7750359248615898,0.847310350689024,0.9376010467846942,0.950054977101935,0.8889037297020967,0.7716885292459871,0.6905963661510994,0.7607759955072432,0.6680425694123149,1.3676363285527864,0.7959009501114886,0.7200400084939274,0.6786484802973787,1.183708010443772,0.9405417812267653,1.0300703139466914,0.9724679728168883,0.7644750034022004,0.8171126863508045,0.9648151082486838,0.8852284173319148,1.2213429117532093,0.8426979789686082,0.7421483629873893,0.9306301534514559,0.7368429767993745,0.8702811750648335,0.983977110729321]","For hidden unit j: score_j = L2([incoming weight row j, bias j]) * L2(outgoing weight column j). Scores are computed independently on the original B0 checkpoint. Ranking is descending by score, with ascending original unit index as the deterministic tie-break. P25 and P50 are each generated directly from the same B0 checkpoint."
compact_dnn,2026,P50-noFT,0.5,C:\Users\bozku\Desktop\TinyML_IDS_IEEE\results\v2\phase5_compression\compact_dnn\b0\seed_2026\best_checkpoint.pt,7404110900abe7bf20e384481f693da8abde7fb316436556b680f7786080da9a,1,network.3,64,32,"[2,4,6,13,14,15,16,17,18,20,23,24,25,26,31,32,33,35,36,37,41,46,48,50,51,52,55,56,58,60,61,63]","[63,50,41,13,48,58,24,55,46,56,15,35,14,16,17,18,37,31,20,32,51,33,23,52,2,6,61,25,26,60,36,4,30,9,45,3,19,39,12,21,42,0,1,27,47,28,11,40,57,54,34,29,62,53,49,5,44,7,59,38,8,22,43,10]","[0.7363453037767094,0.6072115512672315,0.6971103369996388,1.7421309812892396,1.0783257856596997,1.1549790163837124,1.039805183574891,1.019141153370001,0.9800722285152014,0.8327708871746339,0.7774985248381567,1.5160177644022745,0.632905031525978,0.6319777278540928,0.9008986040002385,0.8024900657658107,0.7950222551435466,1.1183930766227255,0.6194529296935393,0.9028971904918112,2.0188973367505967,1.2638073645977124,1.6573498863589609,2.2930217331993306,0.7976612043186834,0.7475642641928388,1.4360905011572274,1.2129066338768697,1.614745373706234,0.627810488615954,0.6898396605241341,2.4775937569175572]","For hidden unit j: score_j = L2([incoming weight row j, bias j]) * L2(outgoing weight column j). Scores are computed independently on the original B0 checkpoint. Ranking is descending by score, with ascending original unit index as the deterministic tie-break. P25 and P50 are each generated directly from the same B0 checkpoint."
compact_dnn,2026,P50-noFT,0.5,C:\Users\bozku\Desktop\TinyML_IDS_IEEE\results\v2\phase5_compression\compact_dnn\b0\seed_2026\best_checkpoint.pt,7404110900abe7bf20e384481f693da8abde7fb316436556b680f7786080da9a,2,network.6,32,16,"[0,4,5,9,11,14,15,17,19,20,21,25,26,28,29,31]","[25,31,26,14,28,11,0,29,20,17,9,19,4,5,21,15,3,1,10,16,6,27,13,24,12,23,30,2,22,18,7,8]","[0.3847118882566767,0.3279037207883626,0.3248056784448118,0.3404613914905767,0.43840055679994905,0.593339084354185,0.3173482968979177,0.3629500606738059,0.3401402862080702,0.37347352839808395,0.32430479690407377,1.4279791376694357,0.6020851687473092,0.4613062991838701,0.3777847362518346,0.9656051390852797]","For hidden unit j: score_j = L2([incoming weight row j, bias j]) * L2(outgoing weight column j). Scores are computed independently on the original B0 checkpoint. Ranking is descending by score, with ascending original unit index as the deterministic tie-break. P25 and P50 are each generated directly from the same B0 checkpoint."
compact_dnn,3407,P25-noFT,0.25,C:\Users\bozku\Desktop\TinyML_IDS_IEEE\results\v2\phase5_compression\compact_dnn\b0\seed_3407\best_checkpoint.pt,79ac775ce6b798be6e1ecec074d116a2c3701fb8535ec48f03eac295a9445ea7,0,network.0,128,96,"[0,1,2,3,4,5,6,7,11,13,14,15,16,17,18,20,24,25,27,28,29,30,32,33,34,35,36,37,38,39,40,42,45,46,47,48,49,50,53,54,55,57,58,59,60,62,63,64,65,66,69,70,73,74,75,76,77,78,79,80,81,82,83,85,86,88,89,90,91,92,93,96,100,101,102,103,104,105,106,107,108,109,110,111,112,113,116,118,119,120,121,122,123,124,125,126]","[39,108,75,101,92,78,80,47,18,123,55,79,122,34,66,57,37,4,16,85,3,86,89,40,60,5,17,25,69,126,58,121,76,6,82,36,42,29,48,59,116,107,35,74,102,62,113,46,90,27,64,45,30,112,100,28,111,105,13,11,91,38,14,109,81,1,119,103,65,15,110,77,32,63,104,49,0,124,88,54,33,50,70,7,2,53,73,24,125,20,106,118,120,83,93,96,31,19,94,84,97,23,115,117,43,10,61,99,68,41,51,26,72,22,21,9,71,98,56,114,12,52,127,87,95,44,67,8]","[0.5899087797154672,0.6489416906652645,0.5708247822390468,0.9061234018324882,0.9410646152570569,0.8475691111279281,0.8140355486255856,0.5719975341202947,0.6622745376746695,0.6646700500257485,0.6564404656170025,0.6337817056914736,0.9255818464118942,0.8448348351201751,1.06959519588577,0.5575992573516745,0.5646942245944795,0.8429579045414625,0.7059332278982907,0.6741774062611204,0.7786423095587709,0.6819270246074111,0.6169850263850565,0.5770068699902866,0.9883458046685709,0.7426488272571117,0.7902432437821153,0.9416630441201922,0.657486415838685,1.4867196563958947,0.8599908949663821,0.7814008614084051,0.6980858050319092,0.7139576339086997,1.083618311305775,0.7750435466704151,0.5911721800191223,0.5768445802523816,0.5697443686580332,0.5816851515383442,1.036780302043127,0.9586696171511971,0.8319145212579363,0.7719999288920639,0.853109602350011,0.7181964125675672,0.603056960290016,0.6990570334433838,0.6407674099093389,0.9700491172228736,0.8360195478596081,0.5757257628846245,0.5656043280541931,0.7406379064281832,1.2393919846081116,0.8188841220169796,0.6176694538126088,1.1065511744126602,1.0269447405899996,1.0864096940507397,0.6506014438001891,0.810254461992898,0.5481646561976937,0.9118055394587635,0.8727348382751766,0.5818128214774265,0.8714325081611924,0.7107667073794774,0.6620514235255344,1.1464418662908171,0.5468363185517527,0.5387638704625974,0.6766952994779872,1.1492236983305675,0.731629367588211,0.6446930469519465,0.5914598855502174,0.6657487824582344,0.555527238068542,0.7430401325687641,1.2728163828041292,0.651405610582996,0.6185673478906475,0.6715171369236479,0.6778919407288624,0.7148150997884462,0.7431437955098235,0.5549783335877413,0.6478640147420189,0.5546515307374335,0.8317824646005754,1.025455577536974,1.0592087076543966,0.5840445311851188,0.5623246280143384,0.8334180806770787]","For hidden unit j: score_j = L2([incoming weight row j, bias j]) * L2(outgoing weight column j). Scores are computed independently on the original B0 checkpoint. Ranking is descending by score, with ascending original unit index as the deterministic tie-break. P25 and P50 are each generated directly from the same B0 checkpoint."
compact_dnn,3407,P25-noFT,0.25,C:\Users\bozku\Desktop\TinyML_IDS_IEEE\results\v2\phase5_compression\compact_dnn\b0\seed_3407\best_checkpoint.pt,79ac775ce6b798be6e1ecec074d116a2c3701fb8535ec48f03eac295a9445ea7,1,network.3,64,48,"[0,1,2,3,4,5,6,7,8,9,10,12,13,14,16,17,18,19,20,22,23,24,27,28,31,32,33,34,36,37,39,41,42,43,44,45,46,47,48,53,54,55,56,59,60,61,62,63]","[37,18,13,61,23,22,63,0,31,33,41,48,44,16,43,59,20,6,47,9,53,46,8,14,5,39,36,19,34,32,24,55,7,45,17,4,28,56,12,3,2,60,42,54,10,1,62,27,49,50,25,29,57,51,38,15,11,40,21,30,58,26,52,35]","[1.0881195974918358,0.5218215431633552,0.56923046052654,0.5712219452017934,0.5814299282860995,0.6602471120126511,0.7764408285054497,0.6154848889200819,0.6706693794664509,0.6957411642571201,0.525392687855954,0.5752185854092148,2.351429285286128,0.6647387150063842,0.8701213455299284,0.6084469179534354,3.7488719956026793,0.6391279182828165,0.8094949794103434,1.274324183242643,1.7861401926394211,0.6223994392301857,0.5044853301105275,0.5807352007730917,1.069329496952063,0.6254717552630765,1.0629040956414961,0.6354192131869103,0.6417739055579085,4.561743249325003,0.6573533370768081,1.0083118115049405,0.532075172383853,0.8311879924049456,0.9186267704651443,0.6110671822316175,0.6891961714338557,0.7615342589163695,0.9244561515615254,0.6954856477429027,0.528674820420626,0.6191497825204666,0.5755725995896792,0.8150501958976251,0.5403675343521256,1.89087635180544,0.5145872240721531,1.103441038022934]","For hidden unit j: score_j = L2([incoming weight row j, bias j]) * L2(outgoing weight column j). Scores are computed independently on the original B0 checkpoint. Ranking is descending by score, with ascending original unit index as the deterministic tie-break. P25 and P50 are each generated directly from the same B0 checkpoint."
compact_dnn,3407,P25-noFT,0.25,C:\Users\bozku\Desktop\TinyML_IDS_IEEE\results\v2\phase5_compression\compact_dnn\b0\seed_3407\best_checkpoint.pt,79ac775ce6b798be6e1ecec074d116a2c3701fb8535ec48f03eac295a9445ea7,2,network.6,32,24,"[2,4,5,6,8,9,10,11,12,13,16,17,18,19,20,21,23,24,26,27,28,29,30,31]","[20,6,28,4,21,17,12,29,26,24,31,13,30,23,19,10,11,9,18,2,27,16,8,5,22,25,1,3,14,15,7,0]","[0.3018467262634735,0.5511974580676201,0.2564828032753611,0.557819077327057,0.26374615614823105,0.3195204391828688,0.32830534891925334,0.32448710236169204,0.4856879355591005,0.3892850930161129,0.2781508407094183,0.49136464703317584,0.317002660232921,0.37410191067713877,1.0798464194183734,0.5141479284434193,0.3849508603723128,0.4548707527728973,0.47194985696246217,0.2828880797762529,0.5528967141725643,0.4721868263376973,0.3868282759216284,0.43084648753402915]","For hidden unit j: score_j = L2([incoming weight row j, bias j]) * L2(outgoing weight column j). Scores are computed independently on the original B0 checkpoint. Ranking is descending by score, with ascending original unit index as the deterministic tie-break. P25 and P50 are each generated directly from the same B0 checkpoint."
compact_dnn,3407,P50-noFT,0.5,C:\Users\bozku\Desktop\TinyML_IDS_IEEE\results\v2\phase5_compression\compact_dnn\b0\seed_3407\best_checkpoint.pt,79ac775ce6b798be6e1ecec074d116a2c3701fb8535ec48f03eac295a9445ea7,0,network.0,128,64,"[3,4,5,6,11,13,14,16,17,18,25,27,28,29,30,34,35,36,37,38,39,40,42,45,46,47,48,55,57,58,59,60,62,64,66,69,74,75,76,78,79,80,82,85,86,89,90,91,92,100,101,102,105,107,108,109,111,112,113,116,121,122,123,126]","[39,108,75,101,92,78,80,47,18,123,55,79,122,34,66,57,37,4,16,85,3,86,89,40,60,5,17,25,69,126,58,121,76,6,82,36,42,29,48,59,116,107,35,74,102,62,113,46,90,27,64,45,30,112,100,28,111,105,13,11,91,38,14,109,81,1,119,103,65,15,110,77,32,63,104,49,0,124,88,54,33,50,70,7,2,53,73,24,125,20,106,118,120,83,93,96,31,19,94,84,97,23,115,117,43,10,61,99,68,41,51,26,72,22,21,9,71,98,56,114,12,52,127,87,95,44,67,8]","[0.9061234018324882,0.9410646152570569,0.8475691111279281,0.8140355486255856,0.6622745376746695,0.6646700500257485,0.6564404656170025,0.9255818464118942,0.8448348351201751,1.06959519588577,0.8429579045414625,0.7059332278982907,0.6741774062611204,0.7786423095587709,0.6819270246074111,0.9883458046685709,0.7426488272571117,0.7902432437821153,0.9416630441201922,0.657486415838685,1.4867196563958947,0.8599908949663821,0.7814008614084051,0.6980858050319092,0.7139576339086997,1.083618311305775,0.7750435466704151,1.036780302043127,0.9586696171511971,0.8319145212579363,0.7719999288920639,0.853109602350011,0.7181964125675672,0.6990570334433838,0.9700491172228736,0.8360195478596081,0.7406379064281832,1.2393919846081116,0.8188841220169796,1.1065511744126602,1.0269447405899996,1.0864096940507397,0.810254461992898,0.9118055394587635,0.8727348382751766,0.8714325081611924,0.7107667073794774,0.6620514235255344,1.1464418662908171,0.6766952994779872,1.1492236983305675,0.731629367588211,0.6657487824582344,0.7430401325687641,1.2728163828041292,0.651405610582996,0.6715171369236479,0.6778919407288624,0.7148150997884462,0.7431437955098235,0.8317824646005754,1.025455577536974,1.0592087076543966,0.8334180806770787]","For hidden unit j: score_j = L2([incoming weight row j, bias j]) * L2(outgoing weight column j). Scores are computed independently on the original B0 checkpoint. Ranking is descending by score, with ascending original unit index as the deterministic tie-break. P25 and P50 are each generated directly from the same B0 checkpoint."
compact_dnn,3407,P50-noFT,0.5,C:\Users\bozku\Desktop\TinyML_IDS_IEEE\results\v2\phase5_compression\compact_dnn\b0\seed_3407\best_checkpoint.pt,79ac775ce6b798be6e1ecec074d116a2c3701fb8535ec48f03eac295a9445ea7,1,network.3,64,32,"[0,5,6,8,9,13,14,16,18,19,20,22,23,24,31,32,33,34,36,37,39,41,43,44,46,47,48,53,55,59,61,63]","[37,18,13,61,23,22,63,0,31,33,41,48,44,16,43,59,20,6,47,9,53,46,8,14,5,39,36,19,34,32,24,55,7,45,17,4,28,56,12,3,2,60,42,54,10,1,62,27,49,50,25,29,57,51,38,15,11,40,21,30,58,26,52,35]","[1.0881195974918358,0.6602471120126511,0.7764408285054497,0.6706693794664509,0.6957411642571201,2.351429285286128,0.6647387150063842,0.8701213455299284,3.7488719956026793,0.6391279182828165,0.8094949794103434,1.274324183242643,1.7861401926394211,0.6223994392301857,1.069329496952063,0.6254717552630765,1.0629040956414961,0.6354192131869103,0.6417739055579085,4.561743249325003,0.6573533370768081,1.0083118115049405,0.8311879924049456,0.9186267704651443,0.6891961714338557,0.7615342589163695,0.9244561515615254,0.6954856477429027,0.6191497825204666,0.8150501958976251,1.89087635180544,1.103441038022934]","For hidden unit j: score_j = L2([incoming weight row j, bias j]) * L2(outgoing weight column j). Scores are computed independently on the original B0 checkpoint. Ranking is descending by score, with ascending original unit index as the deterministic tie-break. P25 and P50 are each generated directly from the same B0 checkpoint."
compact_dnn,3407,P50-noFT,0.5,C:\Users\bozku\Desktop\TinyML_IDS_IEEE\results\v2\phase5_compression\compact_dnn\b0\seed_3407\best_checkpoint.pt,79ac775ce6b798be6e1ecec074d116a2c3701fb8535ec48f03eac295a9445ea7,2,network.6,32,16,"[4,6,10,12,13,17,19,20,21,23,24,26,28,29,30,31]","[20,6,28,4,21,17,12,29,26,24,31,13,30,23,19,10,11,9,18,2,27,16,8,5,22,25,1,3,14,15,7,0]","[0.5511974580676201,0.557819077327057,0.32830534891925334,0.4856879355591005,0.3892850930161129,0.49136464703317584,0.37410191067713877,1.0798464194183734,0.5141479284434193,0.3849508603723128,0.4548707527728973,0.47194985696246217,0.5528967141725643,0.4721868263376973,0.3868282759216284,0.43084648753402915]","For hidden unit j: score_j = L2([incoming weight row j, bias j]) * L2(outgoing weight column j). Scores are computed independently on the original B0 checkpoint. Ranking is descending by score, with ascending original unit index as the deterministic tie-break. P25 and P50 are each generated directly from the same B0 checkpoint."
compact_dnn,8192,P25-noFT,0.25,C:\Users\bozku\Desktop\TinyML_IDS_IEEE\results\v2\phase5_compression\compact_dnn\b0\seed_8192\best_checkpoint.pt,822635e009b505e48e0e03fc4944bcf087624692af90451888302a9528024fa8,0,network.0,128,96,"[0,1,2,3,4,5,6,7,8,10,12,13,14,19,20,22,23,24,26,27,28,29,31,33,34,35,37,38,40,41,42,44,45,47,48,49,50,51,54,55,58,59,61,63,65,66,67,68,69,71,72,73,74,76,77,78,79,80,81,82,83,84,85,86,87,88,89,90,91,92,93,94,98,99,100,101,102,104,105,106,107,110,111,112,114,115,116,118,119,120,121,122,124,125,126,127]","[48,125,65,14,84,124,121,98,51,67,58,93,7,26,122,6,27,29,19,10,55,85,42,1,81,86,115,82,76,106,71,59,72,50,8,3,83,110,13,127,80,37,31,89,77,49,20,0,92,41,90,102,74,35,5,69,79,45,38,112,119,12,120,91,87,4,99,107,34,114,22,63,47,24,40,101,105,118,78,23,61,28,111,2,73,44,54,94,100,66,126,68,33,116,104,88,36,43,39,97,95,56,25,113,46,17,123,21,96,75,117,57,18,52,16,9,109,62,103,11,64,60,53,15,70,32,108,30]","[0.7822534489114659,0.903500980203914,0.6319847228165218,0.857963791799,0.7212749855941427,0.7530058119147967,1.0081397535235055,1.0388135982109314,0.8587732058448283,0.9218766952529157,0.728398016770044,0.8284418317615473,1.3406869237893635,0.9470281529891444,0.7868232606187027,0.6753126974574953,0.6424565228636696,0.6651004108904357,1.0351057105566934,1.00251690885245,0.6340953333837124,0.9803601211280106,0.813936371708995,0.5917590065713716,0.6822328656772815,0.7577064342581417,0.8191582339261715,0.7354389551707387,0.6647785223527928,0.776349728639128,0.9202770527654612,0.6226226034980069,0.7418559721945877,0.6696167778075713,1.5442900679468459,0.7917528027079545,0.8732458704798978,1.1454085993783065,0.6172242142822694,0.9218512250683912,1.081948955542269,0.8794917939983368,0.6371836827731766,0.6752381635911563,1.4236680809131357,0.6070940807538238,1.1440920427550407,0.5969534614352539,0.7508547500096966,0.8841862708037408,0.8754226278752114,0.6286112397405443,0.7616668330960576,0.8897680876132387,0.7952005800308012,0.6492267385106977,0.7508158088880111,0.8195830567606839,0.9030592434433491,0.8966005872088518,0.8429021105174119,1.2347132756073504,0.920569737869226,0.9004275694259882,0.7236640062724327,0.5866730212106845,0.8051233235341209,0.776020059303372,0.7269503831369324,0.7813530627957526,1.0633392153955303,0.6168681224272026,1.158243293539749,0.7161147565678755,0.6143812726382867,0.6645481340770143,0.7623633730489665,0.5874379487718953,0.6539457145624051,0.8866048357552038,0.7100326877850367,0.8352370619297066,0.633961434074115,0.7334486345750919,0.6793480708692854,0.8992926225060416,0.5904902785103436,0.6515634870927295,0.7321234207823398,0.7281565563614695,1.1658607679776478,1.0239400104969354,1.2141089434896148,1.4260430770105248,0.6052455553709138,0.8216204744922723]","For hidden unit j: score_j = L2([incoming weight row j, bias j]) * L2(outgoing weight column j). Scores are computed independently on the original B0 checkpoint. Ranking is descending by score, with ascending original unit index as the deterministic tie-break. P25 and P50 are each generated directly from the same B0 checkpoint."
compact_dnn,8192,P25-noFT,0.25,C:\Users\bozku\Desktop\TinyML_IDS_IEEE\results\v2\phase5_compression\compact_dnn\b0\seed_8192\best_checkpoint.pt,822635e009b505e48e0e03fc4944bcf087624692af90451888302a9528024fa8,1,network.3,64,48,"[1,2,3,4,5,6,7,8,9,10,12,13,14,15,18,19,20,22,23,26,28,30,32,33,35,36,37,38,40,41,43,44,45,46,47,48,50,51,52,54,55,56,57,58,60,61,62,63]","[41,51,32,61,52,35,55,3,23,50,1,28,26,63,5,38,57,10,46,36,48,44,18,54,62,9,58,6,19,22,2,30,37,13,43,45,15,40,8,7,60,14,47,4,12,33,56,20,21,49,53,17,34,42,39,0,25,27,29,16,31,24,11,59]","[1.2046646659439368,0.6616776086922267,1.272438903891618,0.5656506959682415,1.0407218762227233,0.6694644244427151,0.5834031484153231,0.5855009856458919,0.7407951681419658,0.9338811202366928,0.5586225986840877,0.6481814349195266,0.5738018560391747,0.6089574973869454,0.8080638766323699,0.66733125168577,0.5530965291181003,0.6659826368427658,1.2456302803457862,1.1252180157407323,1.1848889583348643,0.6608336562688912,1.7106605624201665,0.5576360029544895,1.4855788670909158,0.8551347619049731,0.6569023354683288,1.0178400940342962,0.5991771801896907,2.317435091884687,0.636422337132936,0.8141026778471402,0.6179276134368117,0.9166914169731378,0.5661491717901367,0.8496127570234157,1.2448302621941776,1.8000412792849612,1.5091966860775716,0.791943368217413,1.331451261244886,0.555164073802143,0.9957831466994311,0.6698092356152985,0.5784509427708339,1.5523567098750612,0.7885575407590725,1.0987888967567752]","For hidden unit j: score_j = L2([incoming weight row j, bias j]) * L2(outgoing weight column j). Scores are computed independently on the original B0 checkpoint. Ranking is descending by score, with ascending original unit index as the deterministic tie-break. P25 and P50 are each generated directly from the same B0 checkpoint."
compact_dnn,8192,P25-noFT,0.25,C:\Users\bozku\Desktop\TinyML_IDS_IEEE\results\v2\phase5_compression\compact_dnn\b0\seed_8192\best_checkpoint.pt,822635e009b505e48e0e03fc4944bcf087624692af90451888302a9528024fa8,2,network.6,32,24,"[0,1,5,6,7,8,10,11,12,13,14,15,16,17,20,21,23,24,25,26,27,28,29,30]","[25,16,11,24,30,27,10,7,5,17,26,21,29,23,8,20,28,13,0,6,15,14,1,12,22,31,4,2,19,9,3,18]","[0.297705501777538,0.2686775639227378,0.3954895993937057,0.2966217751964509,0.40595996820317154,0.32491863216308964,0.4338054088998652,0.5648407113443991,0.2469843441291403,0.3059184476583279,0.2826195370373414,0.2885924112689943,0.6006130131390972,0.39467190623992615,0.3216298271338649,0.3747790829031088,0.32811149973039266,0.5429312806297457,0.7122449268882879,0.391529584246147,0.46705481413313943,0.31648626824264026,0.35580180972652986,0.5214878823241456]","For hidden unit j: score_j = L2([incoming weight row j, bias j]) * L2(outgoing weight column j). Scores are computed independently on the original B0 checkpoint. Ranking is descending by score, with ascending original unit index as the deterministic tie-break. P25 and P50 are each generated directly from the same B0 checkpoint."
compact_dnn,8192,P50-noFT,0.5,C:\Users\bozku\Desktop\TinyML_IDS_IEEE\results\v2\phase5_compression\compact_dnn\b0\seed_8192\best_checkpoint.pt,822635e009b505e48e0e03fc4944bcf087624692af90451888302a9528024fa8,0,network.0,128,64,"[0,1,3,5,6,7,8,10,12,13,14,19,20,26,27,29,31,35,37,38,41,42,45,48,49,50,51,55,58,59,65,67,69,71,72,74,76,77,79,80,81,82,83,84,85,86,89,90,91,92,93,98,102,106,110,112,115,119,120,121,122,124,125,127]","[48,125,65,14,84,124,121,98,51,67,58,93,7,26,122,6,27,29,19,10,55,85,42,1,81,86,115,82,76,106,71,59,72,50,8,3,83,110,13,127,80,37,31,89,77,49,20,0,92,41,90,102,74,35,5,69,79,45,38,112,119,12,120,91,87,4,99,107,34,114,22,63,47,24,40,101,105,118,78,23,61,28,111,2,73,44,54,94,100,66,126,68,33,116,104,88,36,43,39,97,95,56,25,113,46,17,123,21,96,75,117,57,18,52,16,9,109,62,103,11,64,60,53,15,70,32,108,30]","[0.7822534489114659,0.903500980203914,0.857963791799,0.7530058119147967,1.0081397535235055,1.0388135982109314,0.8587732058448283,0.9218766952529157,0.728398016770044,0.8284418317615473,1.3406869237893635,0.9470281529891444,0.7868232606187027,1.0351057105566934,1.00251690885245,0.9803601211280106,0.813936371708995,0.7577064342581417,0.8191582339261715,0.7354389551707387,0.776349728639128,0.9202770527654612,0.7418559721945877,1.5442900679468459,0.7917528027079545,0.8732458704798978,1.1454085993783065,0.9218512250683912,1.081948955542269,0.8794917939983368,1.4236680809131357,1.1440920427550407,0.7508547500096966,0.8841862708037408,0.8754226278752114,0.7616668330960576,0.8897680876132387,0.7952005800308012,0.7508158088880111,0.8195830567606839,0.9030592434433491,0.8966005872088518,0.8429021105174119,1.2347132756073504,0.920569737869226,0.9004275694259882,0.8051233235341209,0.776020059303372,0.7269503831369324,0.7813530627957526,1.0633392153955303,1.158243293539749,0.7623633730489665,0.8866048357552038,0.8352370619297066,0.7334486345750919,0.8992926225060416,0.7321234207823398,0.7281565563614695,1.1658607679776478,1.0239400104969354,1.2141089434896148,1.4260430770105248,0.8216204744922723]","For hidden unit j: score_j = L2([incoming weight row j, bias j]) * L2(outgoing weight column j). Scores are computed independently on the original B0 checkpoint. Ranking is descending by score, with ascending original unit index as the deterministic tie-break. P25 and P50 are each generated directly from the same B0 checkpoint."
compact_dnn,8192,P50-noFT,0.5,C:\Users\bozku\Desktop\TinyML_IDS_IEEE\results\v2\phase5_compression\compact_dnn\b0\seed_8192\best_checkpoint.pt,822635e009b505e48e0e03fc4944bcf087624692af90451888302a9528024fa8,1,network.3,64,32,"[1,2,3,5,6,9,10,18,19,22,23,26,28,30,32,35,36,38,41,44,46,48,50,51,52,54,55,57,58,61,62,63]","[41,51,32,61,52,35,55,3,23,50,1,28,26,63,5,38,57,10,46,36,48,44,18,54,62,9,58,6,19,22,2,30,37,13,43,45,15,40,8,7,60,14,47,4,12,33,56,20,21,49,53,17,34,42,39,0,25,27,29,16,31,24,11,59]","[1.2046646659439368,0.6616776086922267,1.272438903891618,1.0407218762227233,0.6694644244427151,0.7407951681419658,0.9338811202366928,0.8080638766323699,0.66733125168577,0.6659826368427658,1.2456302803457862,1.1252180157407323,1.1848889583348643,0.6608336562688912,1.7106605624201665,1.4855788670909158,0.8551347619049731,1.0178400940342962,2.317435091884687,0.8141026778471402,0.9166914169731378,0.8496127570234157,1.2448302621941776,1.8000412792849612,1.5091966860775716,0.791943368217413,1.331451261244886,0.9957831466994311,0.6698092356152985,1.5523567098750612,0.7885575407590725,1.0987888967567752]","For hidden unit j: score_j = L2([incoming weight row j, bias j]) * L2(outgoing weight column j). Scores are computed independently on the original B0 checkpoint. Ranking is descending by score, with ascending original unit index as the deterministic tie-break. P25 and P50 are each generated directly from the same B0 checkpoint."
compact_dnn,8192,P50-noFT,0.5,C:\Users\bozku\Desktop\TinyML_IDS_IEEE\results\v2\phase5_compression\compact_dnn\b0\seed_8192\best_checkpoint.pt,822635e009b505e48e0e03fc4944bcf087624692af90451888302a9528024fa8,2,network.6,32,16,"[5,7,8,10,11,16,17,20,21,23,24,25,26,27,29,30]","[25,16,11,24,30,27,10,7,5,17,26,21,29,23,8,20,28,13,0,6,15,14,1,12,22,31,4,2,19,9,3,18]","[0.3954895993937057,0.40595996820317154,0.32491863216308964,0.4338054088998652,0.5648407113443991,0.6006130131390972,0.39467190623992615,0.3216298271338649,0.3747790829031088,0.32811149973039266,0.5429312806297457,0.7122449268882879,0.391529584246147,0.46705481413313943,0.35580180972652986,0.5214878823241456]","For hidden unit j: score_j = L2([incoming weight row j, bias j]) * L2(outgoing weight column j). Scores are computed independently on the original B0 checkpoint. Ranking is descending by score, with ascending original unit index as the deterministic tie-break. P25 and P50 are each generated directly from the same B0 checkpoint."
tinyml_mlp,42,P25-noFT,0.25,C:\Users\bozku\Desktop\TinyML_IDS_IEEE\results\v2\phase5_compression\tinyml_mlp\b0\seed_42\best_checkpoint.pt,5abfac0829d550c2e2f452f992e5cc4b53b79412f506e8ef38d2335285aefa1f,0,network.0,64,48,"[0,3,5,6,7,8,9,10,11,12,14,15,16,17,18,19,21,22,25,27,28,29,30,31,33,34,35,36,37,38,40,41,42,43,44,46,48,49,50,51,52,53,55,57,58,59,62,63]","[31,15,27,6,50,29,40,25,8,42,16,43,58,9,5,21,11,62,44,37,55,7,48,28,53,52,19,30,12,34,59,51,41,33,10,17,46,63,0,38,3,14,18,22,35,57,36,49,45,20,4,39,24,61,47,32,13,2,23,1,60,56,26,54]","[1.2771171995824677,1.232492471977057,1.7308068671380046,2.7586923292961134,1.5556645422817352,1.8395660591772285,1.7598698887325577,1.3177332530643595,1.7101956363090345,1.4346112794133516,1.2211100498084733,3.7368807096655328,1.8210660529850131,1.3112403597291928,1.221059565875505,1.4523799973224198,1.721945134128621,1.2084488495627206,1.8539168827521124,3.018110894932851,1.5205169028196706,2.0989741242764253,1.4353728312126295,4.5750616464655645,1.3439980670322063,1.4147887964907697,1.152053183838591,1.12610742091771,1.563962221275892,1.2450829324722248,1.9994876771298467,1.3501886090168995,1.8239604931659898,1.8067276477622278,1.5645030718363833,1.3079432961170256,1.5329379523225992,1.1195239033560584,2.1732859035043575,1.3731699263223915,1.4562657309531115,1.4827997743114925,1.5628808187759329,1.1360644867268506,1.7987568533088325,1.3899563049556927,1.5799126875027212,1.306311161444714]","For hidden unit j: score_j = L2([incoming weight row j, bias j]) * L2(outgoing weight column j). Scores are computed independently on the original B0 checkpoint. Ranking is descending by score, with ascending original unit index as the deterministic tie-break. P25 and P50 are each generated directly from the same B0 checkpoint."
tinyml_mlp,42,P25-noFT,0.25,C:\Users\bozku\Desktop\TinyML_IDS_IEEE\results\v2\phase5_compression\tinyml_mlp\b0\seed_42\best_checkpoint.pt,5abfac0829d550c2e2f452f992e5cc4b53b79412f506e8ef38d2335285aefa1f,1,network.2,32,24,"[0,3,4,5,6,7,8,9,10,12,13,14,15,16,17,19,20,21,24,25,26,28,29,31]","[31,4,6,3,29,0,13,26,9,12,21,24,14,17,20,28,5,16,19,25,8,15,10,7,27,30,11,1,23,22,18,2]","[0.810893401337814,0.9723518227268366,1.1768607035202536,0.4956958709280514,1.1279076145206492,0.3261160426113013,0.37127835942671766,0.6308932672606961,0.32682178404326023,0.6282005131455068,0.7154267226772697,0.5548482482282112,0.3700313467507754,0.4666962162803667,0.5507035362536365,0.44695549224166164,0.5478948669439532,0.6259029913879209,0.5888867631997762,0.3905203841369784,0.6437344704367409,0.5373839252097581,0.9238630041009731,1.6153600037638514]","For hidden unit j: score_j = L2([incoming weight row j, bias j]) * L2(outgoing weight column j). Scores are computed independently on the original B0 checkpoint. Ranking is descending by score, with ascending original unit index as the deterministic tie-break. P25 and P50 are each generated directly from the same B0 checkpoint."
tinyml_mlp,42,P50-noFT,0.5,C:\Users\bozku\Desktop\TinyML_IDS_IEEE\results\v2\phase5_compression\tinyml_mlp\b0\seed_42\best_checkpoint.pt,5abfac0829d550c2e2f452f992e5cc4b53b79412f506e8ef38d2335285aefa1f,0,network.0,64,32,"[5,6,7,8,9,11,12,15,16,19,21,25,27,28,29,30,31,34,37,40,42,43,44,48,50,51,52,53,55,58,59,62]","[31,15,27,6,50,29,40,25,8,42,16,43,58,9,5,21,11,62,44,37,55,7,48,28,53,52,19,30,12,34,59,51,41,33,10,17,46,63,0,38,3,14,18,22,35,57,36,49,45,20,4,39,24,61,47,32,13,2,23,1,60,56,26,54]","[1.7308068671380046,2.7586923292961134,1.5556645422817352,1.8395660591772285,1.7598698887325577,1.7101956363090345,1.4346112794133516,3.7368807096655328,1.8210660529850131,1.4523799973224198,1.721945134128621,1.8539168827521124,3.018110894932851,1.5205169028196706,2.0989741242764253,1.4353728312126295,4.5750616464655645,1.4147887964907697,1.563962221275892,1.9994876771298467,1.8239604931659898,1.8067276477622278,1.5645030718363833,1.5329379523225992,2.1732859035043575,1.3731699263223915,1.4562657309531115,1.4827997743114925,1.5628808187759329,1.7987568533088325,1.3899563049556927,1.5799126875027212]","For hidden unit j: score_j = L2([incoming weight row j, bias j]) * L2(outgoing weight column j). Scores are computed independently on the original B0 checkpoint. Ranking is descending by score, with ascending original unit index as the deterministic tie-break. P25 and P50 are each generated directly from the same B0 checkpoint."
tinyml_mlp,42,P50-noFT,0.5,C:\Users\bozku\Desktop\TinyML_IDS_IEEE\results\v2\phase5_compression\tinyml_mlp\b0\seed_42\best_checkpoint.pt,5abfac0829d550c2e2f452f992e5cc4b53b79412f506e8ef38d2335285aefa1f,1,network.2,32,16,"[0,3,4,6,9,12,13,14,17,20,21,24,26,28,29,31]","[31,4,6,3,29,0,13,26,9,12,21,24,14,17,20,28,5,16,19,25,8,15,10,7,27,30,11,1,23,22,18,2]","[0.810893401337814,0.9723518227268366,1.1768607035202536,1.1279076145206492,0.6308932672606961,0.6282005131455068,0.7154267226772697,0.5548482482282112,0.5507035362536365,0.5478948669439532,0.6259029913879209,0.5888867631997762,0.6437344704367409,0.5373839252097581,0.9238630041009731,1.6153600037638514]","For hidden unit j: score_j = L2([incoming weight row j, bias j]) * L2(outgoing weight column j). Scores are computed independently on the original B0 checkpoint. Ranking is descending by score, with ascending original unit index as the deterministic tie-break. P25 and P50 are each generated directly from the same B0 checkpoint."
tinyml_mlp,123,P25-noFT,0.25,C:\Users\bozku\Desktop\TinyML_IDS_IEEE\results\v2\phase5_compression\tinyml_mlp\b0\seed_123\best_checkpoint.pt,eab045d2e16f00c850e93b72979e5e1e299c4e792944403cddd60df7c7fd371a,0,network.0,64,48,"[0,2,3,4,5,6,7,9,10,12,13,14,15,17,18,20,21,22,23,24,26,28,29,30,31,34,35,36,37,38,41,42,43,45,47,49,50,51,52,53,54,55,56,57,58,59,61,62]","[17,31,37,30,54,52,20,28,57,21,29,47,15,56,12,53,13,2,58,45,42,41,23,14,18,34,55,50,62,49,35,61,26,7,3,6,59,0,5,51,38,24,43,36,9,4,22,10,19,60,39,44,1,32,40,33,27,8,25,16,63,48,11,46]","[1.2261825522878855,1.6773480843974904,1.257157535941257,0.8972202806650419,1.1970001364012048,1.2427185251840165,1.2617823560477546,0.922074898449448,0.8354653322714256,1.7642167755985536,1.696623628255662,1.4746874103508627,1.9667614074045214,5.144587830276061,1.4609880695270583,2.203587676980137,2.114899751233893,0.8497324454367714,1.5462132412715195,1.0349473288118276,1.262429141429548,2.1580694977692096,2.0664321805490116,2.566548244154518,3.083829308502058,1.4588191348699542,1.267693293753019,0.9283201034619533,2.765924991238173,1.091818520824651,1.5841620473377922,1.5926514782835877,1.0028095710613871,1.592855421344498,1.9723871110768572,1.2871498563087893,1.3964084425233687,1.1440303711406914,2.2841453278346364,1.7093134318668697,2.347016144585538,1.4490352746453006,1.9376176268378031,2.1239029970683045,1.6181924429233034,1.230221312679288,1.2671769754929156,1.3544582940376941]","For hidden unit j: score_j = L2([incoming weight row j, bias j]) * L2(outgoing weight column j). Scores are computed independently on the original B0 checkpoint. Ranking is descending by score, with ascending original unit index as the deterministic tie-break. P25 and P50 are each generated directly from the same B0 checkpoint."
tinyml_mlp,123,P25-noFT,0.25,C:\Users\bozku\Desktop\TinyML_IDS_IEEE\results\v2\phase5_compression\tinyml_mlp\b0\seed_123\best_checkpoint.pt,eab045d2e16f00c850e93b72979e5e1e299c4e792944403cddd60df7c7fd371a,1,network.2,32,24,"[0,1,3,4,8,9,10,12,13,14,15,16,17,19,21,23,24,25,26,27,28,29,30,31]","[10,28,23,8,13,16,21,14,3,30,19,24,1,29,26,4,27,9,12,15,31,25,0,17,2,18,11,7,6,5,20,22]","[0.44268837234198677,0.5435107134999791,0.7132454814972965,0.5170201247804823,1.1255342041812806,0.49202703424026867,2.954384748445736,0.48906771625497614,1.0095458019714776,0.7881506925357338,0.4877712925028895,0.936367425695121,0.4342437923632203,0.5721684852608218,0.8151072105729669,1.192096751184293,0.5467972308322828,0.45229702638742575,0.5415939530178822,0.5001369688914166,1.2198652529251424,0.542648062218355,0.6197619010192491,0.4827762568135357]","For hidden unit j: score_j = L2([incoming weight row j, bias j]) * L2(outgoing weight column j). Scores are computed independently on the original B0 checkpoint. Ranking is descending by score, with ascending original unit index as the deterministic tie-break. P25 and P50 are each generated directly from the same B0 checkpoint."
tinyml_mlp,123,P50-noFT,0.5,C:\Users\bozku\Desktop\TinyML_IDS_IEEE\results\v2\phase5_compression\tinyml_mlp\b0\seed_123\best_checkpoint.pt,eab045d2e16f00c850e93b72979e5e1e299c4e792944403cddd60df7c7fd371a,0,network.0,64,32,"[2,12,13,14,15,17,18,20,21,23,28,29,30,31,34,35,37,41,42,45,47,49,50,52,53,54,55,56,57,58,61,62]","[17,31,37,30,54,52,20,28,57,21,29,47,15,56,12,53,13,2,58,45,42,41,23,14,18,34,55,50,62,49,35,61,26,7,3,6,59,0,5,51,38,24,43,36,9,4,22,10,19,60,39,44,1,32,40,33,27,8,25,16,63,48,11,46]","[1.6773480843974904,1.7642167755985536,1.696623628255662,1.4746874103508627,1.9667614074045214,5.144587830276061,1.4609880695270583,2.203587676980137,2.114899751233893,1.5462132412715195,2.1580694977692096,2.0664321805490116,2.566548244154518,3.083829308502058,1.4588191348699542,1.267693293753019,2.765924991238173,1.5841620473377922,1.5926514782835877,1.592855421344498,1.9723871110768572,1.2871498563087893,1.3964084425233687,2.2841453278346364,1.7093134318668697,2.347016144585538,1.4490352746453006,1.9376176268378031,2.1239029970683045,1.6181924429233034,1.2671769754929156,1.3544582940376941]","For hidden unit j: score_j = L2([incoming weight row j, bias j]) * L2(outgoing weight column j). Scores are computed independently on the original B0 checkpoint. Ranking is descending by score, with ascending original unit index as the deterministic tie-break. P25 and P50 are each generated directly from the same B0 checkpoint."
tinyml_mlp,123,P50-noFT,0.5,C:\Users\bozku\Desktop\TinyML_IDS_IEEE\results\v2\phase5_compression\tinyml_mlp\b0\seed_123\best_checkpoint.pt,eab045d2e16f00c850e93b72979e5e1e299c4e792944403cddd60df7c7fd371a,1,network.2,32,16,"[1,3,4,8,10,13,14,16,19,21,23,24,26,28,29,30]","[10,28,23,8,13,16,21,14,3,30,19,24,1,29,26,4,27,9,12,15,31,25,0,17,2,18,11,7,6,5,20,22]","[0.5435107134999791,0.7132454814972965,0.5170201247804823,1.1255342041812806,2.954384748445736,1.0095458019714776,0.7881506925357338,0.936367425695121,0.5721684852608218,0.8151072105729669,1.192096751184293,0.5467972308322828,0.5415939530178822,1.2198652529251424,0.542648062218355,0.6197619010192491]","For hidden unit j: score_j = L2([incoming weight row j, bias j]) * L2(outgoing weight column j). Scores are computed independently on the original B0 checkpoint. Ranking is descending by score, with ascending original unit index as the deterministic tie-break. P25 and P50 are each generated directly from the same B0 checkpoint."
tinyml_mlp,2026,P25-noFT,0.25,C:\Users\bozku\Desktop\TinyML_IDS_IEEE\results\v2\phase5_compression\tinyml_mlp\b0\seed_2026\best_checkpoint.pt,6b60c988f01ec53e91ea7d9288ebd06cb4fd825ed093476150986c96d4223fa9,0,network.0,64,48,"[0,2,4,5,6,7,8,9,10,12,13,14,15,16,17,18,20,22,23,24,25,27,28,31,34,35,36,37,38,39,40,41,44,45,46,47,48,49,50,51,52,53,55,57,58,59,60,62]","[13,10,60,5,52,7,50,47,31,15,34,57,55,37,20,24,16,12,45,44,39,9,25,0,4,36,14,6,46,48,17,18,51,2,53,22,38,40,62,35,59,27,28,49,41,58,23,8,30,19,54,1,43,32,42,29,63,26,61,21,33,3,56,11]","[1.702053822533459,1.403046298283099,1.6502014822778464,2.8087075390132488,1.5496678829136523,2.731928076201941,1.0421157475555296,1.8028606293826894,4.3134775891832735,1.8564980927616543,4.373850263480243,1.6370148650623824,2.2491227058042753,1.8863522689967334,1.4804811369614195,1.4645928865980051,1.9391416651587403,1.3450658757749865,1.0528440736187559,1.9228466157218613,1.7717872494066629,1.09824331191156,1.091870305446094,2.314862244590033,2.194675340174614,1.1850182806545932,1.637656534922465,1.963535012500677,1.2951271141400649,1.8066535878327201,1.2497528332543348,1.0758143429331692,1.83950421648703,1.847257206703293,1.5188719193393647,2.3275947795217053,1.5090387514515113,1.0824572541310082,2.4874643035711297,1.4307898105558747,2.7995090361825308,1.375297519302739,2.0679568536691186,2.0813587826742084,1.0675551318166165,1.1529987096084897,2.858863895656532,1.1871610831176989]","For hidden unit j: score_j = L2([incoming weight row j, bias j]) * L2(outgoing weight column j). Scores are computed independently on the original B0 checkpoint. Ranking is descending by score, with ascending original unit index as the deterministic tie-break. P25 and P50 are each generated directly from the same B0 checkpoint."
tinyml_mlp,2026,P25-noFT,0.25,C:\Users\bozku\Desktop\TinyML_IDS_IEEE\results\v2\phase5_compression\tinyml_mlp\b0\seed_2026\best_checkpoint.pt,6b60c988f01ec53e91ea7d9288ebd06cb4fd825ed093476150986c96d4223fa9,1,network.2,32,24,"[0,1,2,3,5,7,8,9,10,11,13,15,16,17,18,19,20,23,24,25,26,27,28,29]","[20,13,17,0,18,10,3,24,19,2,28,11,9,23,8,7,26,5,29,27,16,25,15,1,22,30,31,4,12,21,6,14]","[1.1241740683967283,0.3999919409430424,0.8255378291850295,0.8674912604277033,0.4790035187823564,0.5197675971311996,0.556992612977582,0.6833486918518377,0.901601951776065,0.7125871825163754,2.199314350279077,0.4000859226526478,0.4334357681905366,1.1262773198294038,1.0674558135737826,0.8294919226434911,2.444248139160815,0.6011989704863767,0.861635716414249,0.4116863124666521,0.5099546219882501,0.45140782207224417,0.7183491169015058,0.47608220471887025]","For hidden unit j: score_j = L2([incoming weight row j, bias j]) * L2(outgoing weight column j). Scores are computed independently on the original B0 checkpoint. Ranking is descending by score, with ascending original unit index as the deterministic tie-break. P25 and P50 are each generated directly from the same B0 checkpoint."
tinyml_mlp,2026,P50-noFT,0.5,C:\Users\bozku\Desktop\TinyML_IDS_IEEE\results\v2\phase5_compression\tinyml_mlp\b0\seed_2026\best_checkpoint.pt,6b60c988f01ec53e91ea7d9288ebd06cb4fd825ed093476150986c96d4223fa9,0,network.0,64,32,"[0,4,5,6,7,9,10,12,13,14,15,16,17,18,20,24,25,31,34,36,37,39,44,45,46,47,48,50,52,55,57,60]","[13,10,60,5,52,7,50,47,31,15,34,57,55,37,20,24,16,12,45,44,39,9,25,0,4,36,14,6,46,48,17,18,51,2,53,22,38,40,62,35,59,27,28,49,41,58,23,8,30,19,54,1,43,32,42,29,63,26,61,21,33,3,56,11]","[1.702053822533459,1.6502014822778464,2.8087075390132488,1.5496678829136523,2.731928076201941,1.8028606293826894,4.3134775891832735,1.8564980927616543,4.373850263480243,1.6370148650623824,2.2491227058042753,1.8863522689967334,1.4804811369614195,1.4645928865980051,1.9391416651587403,1.9228466157218613,1.7717872494066629,2.314862244590033,2.194675340174614,1.637656534922465,1.963535012500677,1.8066535878327201,1.83950421648703,1.847257206703293,1.5188719193393647,2.3275947795217053,1.5090387514515113,2.4874643035711297,2.7995090361825308,2.0679568536691186,2.0813587826742084,2.858863895656532]","For hidden unit j: score_j = L2([incoming weight row j, bias j]) * L2(outgoing weight column j). Scores are computed independently on the original B0 checkpoint. Ranking is descending by score, with ascending original unit index as the deterministic tie-break. P25 and P50 are each generated directly from the same B0 checkpoint."
tinyml_mlp,2026,P50-noFT,0.5,C:\Users\bozku\Desktop\TinyML_IDS_IEEE\results\v2\phase5_compression\tinyml_mlp\b0\seed_2026\best_checkpoint.pt,6b60c988f01ec53e91ea7d9288ebd06cb4fd825ed093476150986c96d4223fa9,1,network.2,32,16,"[0,2,3,7,8,9,10,11,13,17,18,19,20,23,24,28]","[20,13,17,0,18,10,3,24,19,2,28,11,9,23,8,7,26,5,29,27,16,25,15,1,22,30,31,4,12,21,6,14]","[1.1241740683967283,0.8255378291850295,0.8674912604277033,0.5197675971311996,0.556992612977582,0.6833486918518377,0.901601951776065,0.7125871825163754,2.199314350279077,1.1262773198294038,1.0674558135737826,0.8294919226434911,2.444248139160815,0.6011989704863767,0.861635716414249,0.7183491169015058]","For hidden unit j: score_j = L2([incoming weight row j, bias j]) * L2(outgoing weight column j). Scores are computed independently on the original B0 checkpoint. Ranking is descending by score, with ascending original unit index as the deterministic tie-break. P25 and P50 are each generated directly from the same B0 checkpoint."
tinyml_mlp,3407,P25-noFT,0.25,C:\Users\bozku\Desktop\TinyML_IDS_IEEE\results\v2\phase5_compression\tinyml_mlp\b0\seed_3407\best_checkpoint.pt,d8e8c6350d2a580b0942dcdbb47f5c42850d52313f3eb8724244ca0b84ed5fb0,0,network.0,64,48,"[2,4,5,7,9,10,11,12,13,14,15,16,17,18,19,20,21,23,26,28,29,31,33,34,36,37,38,39,40,41,42,43,44,46,47,48,50,51,53,54,55,56,57,58,59,60,62,63]","[26,4,33,17,63,55,29,57,31,28,40,23,21,18,13,43,53,12,59,5,50,15,19,46,51,7,58,2,60,34,56,37,42,16,41,54,38,47,11,44,48,20,10,14,39,62,9,36,32,0,22,25,24,8,35,52,3,1,45,30,61,27,49,6]","[1.4474732271824595,4.060229286133843,1.7501009797090914,1.4603058668491251,1.0058321250167046,1.0969166765275988,1.1626044979578316,1.7728903558968097,1.9794369908466332,1.0960714307194943,1.7058033022056618,1.3316968525659094,3.0199521271608356,2.0042908905598287,1.667659174270158,1.1212514929151338,2.0382824657378458,2.038465418121673,4.398621879493854,2.1800043192869745,2.6557114883385253,2.2385049847304797,3.4782822958780972,1.404813025162568,0.964250015448693,1.3853057311039862,1.2681542599910676,1.039876075463841,2.064979310249647,1.3212210165040992,1.3524344587022203,1.9112034076570443,1.1553624719805096,1.603633651234291,1.240627193178189,1.138828381726085,1.7478709478191978,1.4861598404829923,1.779308627551239,1.3053818301838676,2.963788932756603,1.4009046915999301,2.251677128655216,1.4588418305891393,1.7637819786369449,1.4087956066930023,1.0229287767418154,3.0156227693416633]","For hidden unit j: score_j = L2([incoming weight row j, bias j]) * L2(outgoing weight column j). Scores are computed independently on the original B0 checkpoint. Ranking is descending by score, with ascending original unit index as the deterministic tie-break. P25 and P50 are each generated directly from the same B0 checkpoint."
tinyml_mlp,3407,P25-noFT,0.25,C:\Users\bozku\Desktop\TinyML_IDS_IEEE\results\v2\phase5_compression\tinyml_mlp\b0\seed_3407\best_checkpoint.pt,d8e8c6350d2a580b0942dcdbb47f5c42850d52313f3eb8724244ca0b84ed5fb0,1,network.2,32,24,"[2,3,4,5,6,7,11,12,13,14,15,16,18,19,20,22,23,24,25,26,27,28,29,31]","[22,7,15,16,4,19,28,31,5,2,3,26,18,27,23,13,14,6,12,24,29,11,25,20,17,8,0,21,9,10,30,1]","[0.7067482182615722,0.6896595161977369,0.9846943797527812,0.7296933229724923,0.40550584082447044,1.2019889845058154,0.3498005393857001,0.4046387044639943,0.4490597540653666,0.44864926059729604,1.172500297123625,1.05546648923872,0.6040620820385454,0.8445875935876567,0.3369315691238865,2.0078157891646904,0.5215213051214765,0.39025061423331925,0.342846953092804,0.6838994200757983,0.5999390239487201,0.838288026579928,0.3536851570535403,0.8283174931940465]","For hidden unit j: score_j = L2([incoming weight row j, bias j]) * L2(outgoing weight column j). Scores are computed independently on the original B0 checkpoint. Ranking is descending by score, with ascending original unit index as the deterministic tie-break. P25 and P50 are each generated directly from the same B0 checkpoint."
tinyml_mlp,3407,P50-noFT,0.5,C:\Users\bozku\Desktop\TinyML_IDS_IEEE\results\v2\phase5_compression\tinyml_mlp\b0\seed_3407\best_checkpoint.pt,d8e8c6350d2a580b0942dcdbb47f5c42850d52313f3eb8724244ca0b84ed5fb0,0,network.0,64,32,"[2,4,5,7,12,13,15,17,18,19,21,23,26,28,29,31,33,34,37,40,43,46,50,51,53,55,56,57,58,59,60,63]","[26,4,33,17,63,55,29,57,31,28,40,23,21,18,13,43,53,12,59,5,50,15,19,46,51,7,58,2,60,34,56,37,42,16,41,54,38,47,11,44,48,20,10,14,39,62,9,36,32,0,22,25,24,8,35,52,3,1,45,30,61,27,49,6]","[1.4474732271824595,4.060229286133843,1.7501009797090914,1.4603058668491251,1.7728903558968097,1.9794369908466332,1.7058033022056618,3.0199521271608356,2.0042908905598287,1.667659174270158,2.0382824657378458,2.038465418121673,4.398621879493854,2.1800043192869745,2.6557114883385253,2.2385049847304797,3.4782822958780972,1.404813025162568,1.3853057311039862,2.064979310249647,1.9112034076570443,1.603633651234291,1.7478709478191978,1.4861598404829923,1.779308627551239,2.963788932756603,1.4009046915999301,2.251677128655216,1.4588418305891393,1.7637819786369449,1.4087956066930023,3.0156227693416633]","For hidden unit j: score_j = L2([incoming weight row j, bias j]) * L2(outgoing weight column j). Scores are computed independently on the original B0 checkpoint. Ranking is descending by score, with ascending original unit index as the deterministic tie-break. P25 and P50 are each generated directly from the same B0 checkpoint."
tinyml_mlp,3407,P50-noFT,0.5,C:\Users\bozku\Desktop\TinyML_IDS_IEEE\results\v2\phase5_compression\tinyml_mlp\b0\seed_3407\best_checkpoint.pt,d8e8c6350d2a580b0942dcdbb47f5c42850d52313f3eb8724244ca0b84ed5fb0,1,network.2,32,16,"[2,3,4,5,7,13,15,16,18,19,22,23,26,27,28,31]","[22,7,15,16,4,19,28,31,5,2,3,26,18,27,23,13,14,6,12,24,29,11,25,20,17,8,0,21,9,10,30,1]","[0.7067482182615722,0.6896595161977369,0.9846943797527812,0.7296933229724923,1.2019889845058154,0.4490597540653666,1.172500297123625,1.05546648923872,0.6040620820385454,0.8445875935876567,2.0078157891646904,0.5215213051214765,0.6838994200757983,0.5999390239487201,0.838288026579928,0.8283174931940465]","For hidden unit j: score_j = L2([incoming weight row j, bias j]) * L2(outgoing weight column j). Scores are computed independently on the original B0 checkpoint. Ranking is descending by score, with ascending original unit index as the deterministic tie-break. P25 and P50 are each generated directly from the same B0 checkpoint."
tinyml_mlp,8192,P25-noFT,0.25,C:\Users\bozku\Desktop\TinyML_IDS_IEEE\results\v2\phase5_compression\tinyml_mlp\b0\seed_8192\best_checkpoint.pt,cb2e01cfae3b36651853cbe4dab841cedabed53a57d25c508ef4b1e011ddb69b,0,network.0,64,48,"[0,1,2,3,5,6,7,8,9,15,16,17,18,19,20,21,22,23,24,25,26,27,28,29,30,32,33,34,36,37,38,39,40,41,42,44,45,46,47,49,50,51,54,55,57,59,61,63]","[2,39,20,19,23,59,54,28,34,5,40,29,46,8,36,63,42,61,57,17,25,6,21,1,49,30,16,26,18,27,38,51,44,37,45,32,7,15,9,50,55,47,41,3,24,0,22,33,56,4,11,10,35,52,43,12,48,13,31,60,14,53,58,62]","[1.2498077280723583,1.9492923732953593,4.647140189857636,1.2670419937988102,2.4840764011670626,1.9692026528985787,1.5559202684671691,2.2602728919968764,1.5126794029784119,1.5241238607322136,1.8320795674212185,2.069937907616739,1.8148832788532836,3.4857821744630777,4.260478849237273,1.9628723922908007,1.2044300432447261,3.3106320180054887,1.2573717067437842,2.0542275747510996,1.8166722586644755,1.7679387295067341,2.748059035785768,2.293767460330384,1.885038877734888,1.560246241986727,1.196169044621034,2.6652978147571535,2.2380592395319137,1.6143304754725532,1.7672167565550505,4.522890621571961,2.4728558538740946,1.2740113537996962,2.1877684170215175,1.6341429611895621,1.5761035575781082,2.270892178213125,1.4030543843682237,1.9018675087523362,1.4929001722654751,1.6388758388722233,2.9997139263276607,1.4146011223571446,2.0869783086004836,3.140548896560928,2.1606117600045263,2.2373188458976196]","For hidden unit j: score_j = L2([incoming weight row j, bias j]) * L2(outgoing weight column j). Scores are computed independently on the original B0 checkpoint. Ranking is descending by score, with ascending original unit index as the deterministic tie-break. P25 and P50 are each generated directly from the same B0 checkpoint."
tinyml_mlp,8192,P25-noFT,0.25,C:\Users\bozku\Desktop\TinyML_IDS_IEEE\results\v2\phase5_compression\tinyml_mlp\b0\seed_8192\best_checkpoint.pt,cb2e01cfae3b36651853cbe4dab841cedabed53a57d25c508ef4b1e011ddb69b,1,network.2,32,24,"[1,2,3,4,6,8,11,12,14,15,16,18,19,20,21,22,23,24,25,26,28,29,30,31]","[19,25,6,29,30,21,4,1,31,8,18,28,16,23,12,15,3,2,11,26,14,22,24,20,5,27,9,0,13,10,7,17]","[0.8581507441451701,0.45421852290249415,0.4585597317922548,0.8753644606157162,2.2999904071974293,0.7989256444863111,0.4340182243228591,0.5882146317136518,0.417095935412273,0.49357707681393,0.6136161456440763,0.7880486716771512,3.2878565788068785,0.376129293482938,1.2734432508374987,0.4059186980049529,0.6039282252027791,0.396400634311232,3.134115652707258,0.43151150756402606,0.6484479695910018,1.8892005654690736,1.379845811881096,0.8365634639552337]","For hidden unit j: score_j = L2([incoming weight row j, bias j]) * L2(outgoing weight column j). Scores are computed independently on the original B0 checkpoint. Ranking is descending by score, with ascending original unit index as the deterministic tie-break. P25 and P50 are each generated directly from the same B0 checkpoint."
tinyml_mlp,8192,P50-noFT,0.5,C:\Users\bozku\Desktop\TinyML_IDS_IEEE\results\v2\phase5_compression\tinyml_mlp\b0\seed_8192\best_checkpoint.pt,cb2e01cfae3b36651853cbe4dab841cedabed53a57d25c508ef4b1e011ddb69b,0,network.0,64,32,"[1,2,5,6,8,16,17,18,19,20,21,23,25,26,27,28,29,30,34,36,38,39,40,42,46,49,51,54,57,59,61,63]","[2,39,20,19,23,59,54,28,34,5,40,29,46,8,36,63,42,61,57,17,25,6,21,1,49,30,16,26,18,27,38,51,44,37,45,32,7,15,9,50,55,47,41,3,24,0,22,33,56,4,11,10,35,52,43,12,48,13,31,60,14,53,58,62]","[1.9492923732953593,4.647140189857636,2.4840764011670626,1.9692026528985787,2.2602728919968764,1.8320795674212185,2.069937907616739,1.8148832788532836,3.4857821744630777,4.260478849237273,1.9628723922908007,3.3106320180054887,2.0542275747510996,1.8166722586644755,1.7679387295067341,2.748059035785768,2.293767460330384,1.885038877734888,2.6652978147571535,2.2380592395319137,1.7672167565550505,4.522890621571961,2.4728558538740946,2.1877684170215175,2.270892178213125,1.9018675087523362,1.6388758388722233,2.9997139263276607,2.0869783086004836,3.140548896560928,2.1606117600045263,2.2373188458976196]","For hidden unit j: score_j = L2([incoming weight row j, bias j]) * L2(outgoing weight column j). Scores are computed independently on the original B0 checkpoint. Ranking is descending by score, with ascending original unit index as the deterministic tie-break. P25 and P50 are each generated directly from the same B0 checkpoint."
tinyml_mlp,8192,P50-noFT,0.5,C:\Users\bozku\Desktop\TinyML_IDS_IEEE\results\v2\phase5_compression\tinyml_mlp\b0\seed_8192\best_checkpoint.pt,cb2e01cfae3b36651853cbe4dab841cedabed53a57d25c508ef4b1e011ddb69b,1,network.2,32,16,"[1,4,6,8,12,15,16,18,19,21,23,25,28,29,30,31]","[19,25,6,29,30,21,4,1,31,8,18,28,16,23,12,15,3,2,11,26,14,22,24,20,5,27,9,0,13,10,7,17]","[0.8581507441451701,0.8753644606157162,2.2999904071974293,0.7989256444863111,0.5882146317136518,0.49357707681393,0.6136161456440763,0.7880486716771512,3.2878565788068785,1.2734432508374987,0.6039282252027791,3.134115652707258,0.6484479695910018,1.8892005654690736,1.379845811881096,0.8365634639552337]","For hidden unit j: score_j = L2([incoming weight row j, bias j]) * L2(outgoing weight column j). Scores are computed independently on the original B0 checkpoint. Ranking is descending by score, with ascending original unit index as the deterministic tie-break. P25 and P50 are each generated directly from the same B0 checkpoint."
