analysis_type,endpoint_class,family_id,architecture,metric,metric_domain,direction,unit,reference_variant,candidate_variant,paired_seed_count,test,two_sided,multiplicity_adjustment,alpha
omnibus,confirmatory,confirmatory__tinyml_mlp__test_fingerprint_macro_f1,tinyml_mlp,test_fingerprint_macro_f1,predictive,higher_is_better,proportion,,,5,friedman_rank_statistic_with_within_seed_monte_carlo_permutation,True,none_for_omnibus,0.05
posthoc_vs_B0,confirmatory,confirmatory__tinyml_mlp__test_fingerprint_macro_f1,tinyml_mlp,test_fingerprint_macro_f1,predictive,higher_is_better,proportion,B0,FP32-FT,5,exact_two_sided_paired_sign_flip_on_mean_raw_delta,True,holm_within_architecture_metric_family,0.05
posthoc_vs_B0,confirmatory,confirmatory__tinyml_mlp__test_fingerprint_macro_f1,tinyml_mlp,test_fingerprint_macro_f1,predictive,higher_is_better,proportion,B0,P25-noFT,5,exact_two_sided_paired_sign_flip_on_mean_raw_delta,True,holm_within_architecture_metric_family,0.05
posthoc_vs_B0,confirmatory,confirmatory__tinyml_mlp__test_fingerprint_macro_f1,tinyml_mlp,test_fingerprint_macro_f1,predictive,higher_is_better,proportion,B0,P25-FP32-FT,5,exact_two_sided_paired_sign_flip_on_mean_raw_delta,True,holm_within_architecture_metric_family,0.05
posthoc_vs_B0,confirmatory,confirmatory__tinyml_mlp__test_fingerprint_macro_f1,tinyml_mlp,test_fingerprint_macro_f1,predictive,higher_is_better,proportion,B0,P50-noFT,5,exact_two_sided_paired_sign_flip_on_mean_raw_delta,True,holm_within_architecture_metric_family,0.05
posthoc_vs_B0,confirmatory,confirmatory__tinyml_mlp__test_fingerprint_macro_f1,tinyml_mlp,test_fingerprint_macro_f1,predictive,higher_is_better,proportion,B0,P50-FP32-FT,5,exact_two_sided_paired_sign_flip_on_mean_raw_delta,True,holm_within_architecture_metric_family,0.05
posthoc_vs_B0,confirmatory,confirmatory__tinyml_mlp__test_fingerprint_macro_f1,tinyml_mlp,test_fingerprint_macro_f1,predictive,higher_is_better,proportion,B0,DQ,5,exact_two_sided_paired_sign_flip_on_mean_raw_delta,True,holm_within_architecture_metric_family,0.05
posthoc_vs_B0,confirmatory,confirmatory__tinyml_mlp__test_fingerprint_macro_f1,tinyml_mlp,test_fingerprint_macro_f1,predictive,higher_is_better,proportion,B0,QAT,5,exact_two_sided_paired_sign_flip_on_mean_raw_delta,True,holm_within_architecture_metric_family,0.05
posthoc_vs_B0,confirmatory,confirmatory__tinyml_mlp__test_fingerprint_macro_f1,tinyml_mlp,test_fingerprint_macro_f1,predictive,higher_is_better,proportion,B0,P25-QAT,5,exact_two_sided_paired_sign_flip_on_mean_raw_delta,True,holm_within_architecture_metric_family,0.05
posthoc_vs_B0,confirmatory,confirmatory__tinyml_mlp__test_fingerprint_macro_f1,tinyml_mlp,test_fingerprint_macro_f1,predictive,higher_is_better,proportion,B0,P50-QAT,5,exact_two_sided_paired_sign_flip_on_mean_raw_delta,True,holm_within_architecture_metric_family,0.05
posthoc_vs_B0,confirmatory,confirmatory__tinyml_mlp__test_fingerprint_macro_f1,tinyml_mlp,test_fingerprint_macro_f1,predictive,higher_is_better,proportion,B0,PTQ,5,exact_two_sided_paired_sign_flip_on_mean_raw_delta,True,holm_within_architecture_metric_family,0.05
omnibus,confirmatory,confirmatory__tinyml_mlp__batch_1_median_ms,tinyml_mlp,batch_1_median_ms,deployment,lower_is_better,milliseconds,,,5,friedman_rank_statistic_with_within_seed_monte_carlo_permutation,True,none_for_omnibus,0.05
posthoc_vs_B0,confirmatory,confirmatory__tinyml_mlp__batch_1_median_ms,tinyml_mlp,batch_1_median_ms,deployment,lower_is_better,milliseconds,B0,FP32-FT,5,exact_two_sided_paired_sign_flip_on_mean_raw_delta,True,holm_within_architecture_metric_family,0.05
posthoc_vs_B0,confirmatory,confirmatory__tinyml_mlp__batch_1_median_ms,tinyml_mlp,batch_1_median_ms,deployment,lower_is_better,milliseconds,B0,P25-noFT,5,exact_two_sided_paired_sign_flip_on_mean_raw_delta,True,holm_within_architecture_metric_family,0.05
posthoc_vs_B0,confirmatory,confirmatory__tinyml_mlp__batch_1_median_ms,tinyml_mlp,batch_1_median_ms,deployment,lower_is_better,milliseconds,B0,P25-FP32-FT,5,exact_two_sided_paired_sign_flip_on_mean_raw_delta,True,holm_within_architecture_metric_family,0.05
posthoc_vs_B0,confirmatory,confirmatory__tinyml_mlp__batch_1_median_ms,tinyml_mlp,batch_1_median_ms,deployment,lower_is_better,milliseconds,B0,P50-noFT,5,exact_two_sided_paired_sign_flip_on_mean_raw_delta,True,holm_within_architecture_metric_family,0.05
posthoc_vs_B0,confirmatory,confirmatory__tinyml_mlp__batch_1_median_ms,tinyml_mlp,batch_1_median_ms,deployment,lower_is_better,milliseconds,B0,P50-FP32-FT,5,exact_two_sided_paired_sign_flip_on_mean_raw_delta,True,holm_within_architecture_metric_family,0.05
posthoc_vs_B0,confirmatory,confirmatory__tinyml_mlp__batch_1_median_ms,tinyml_mlp,batch_1_median_ms,deployment,lower_is_better,milliseconds,B0,DQ,5,exact_two_sided_paired_sign_flip_on_mean_raw_delta,True,holm_within_architecture_metric_family,0.05
posthoc_vs_B0,confirmatory,confirmatory__tinyml_mlp__batch_1_median_ms,tinyml_mlp,batch_1_median_ms,deployment,lower_is_better,milliseconds,B0,QAT,5,exact_two_sided_paired_sign_flip_on_mean_raw_delta,True,holm_within_architecture_metric_family,0.05
posthoc_vs_B0,confirmatory,confirmatory__tinyml_mlp__batch_1_median_ms,tinyml_mlp,batch_1_median_ms,deployment,lower_is_better,milliseconds,B0,P25-QAT,5,exact_two_sided_paired_sign_flip_on_mean_raw_delta,True,holm_within_architecture_metric_family,0.05
posthoc_vs_B0,confirmatory,confirmatory__tinyml_mlp__batch_1_median_ms,tinyml_mlp,batch_1_median_ms,deployment,lower_is_better,milliseconds,B0,P50-QAT,5,exact_two_sided_paired_sign_flip_on_mean_raw_delta,True,holm_within_architecture_metric_family,0.05
posthoc_vs_B0,confirmatory,confirmatory__tinyml_mlp__batch_1_median_ms,tinyml_mlp,batch_1_median_ms,deployment,lower_is_better,milliseconds,B0,PTQ,5,exact_two_sided_paired_sign_flip_on_mean_raw_delta,True,holm_within_architecture_metric_family,0.05
omnibus,confirmatory,confirmatory__tinyml_mlp__batch_32_samples_per_second,tinyml_mlp,batch_32_samples_per_second,deployment,higher_is_better,samples_per_second,,,5,friedman_rank_statistic_with_within_seed_monte_carlo_permutation,True,none_for_omnibus,0.05
posthoc_vs_B0,confirmatory,confirmatory__tinyml_mlp__batch_32_samples_per_second,tinyml_mlp,batch_32_samples_per_second,deployment,higher_is_better,samples_per_second,B0,FP32-FT,5,exact_two_sided_paired_sign_flip_on_mean_raw_delta,True,holm_within_architecture_metric_family,0.05
posthoc_vs_B0,confirmatory,confirmatory__tinyml_mlp__batch_32_samples_per_second,tinyml_mlp,batch_32_samples_per_second,deployment,higher_is_better,samples_per_second,B0,P25-noFT,5,exact_two_sided_paired_sign_flip_on_mean_raw_delta,True,holm_within_architecture_metric_family,0.05
posthoc_vs_B0,confirmatory,confirmatory__tinyml_mlp__batch_32_samples_per_second,tinyml_mlp,batch_32_samples_per_second,deployment,higher_is_better,samples_per_second,B0,P25-FP32-FT,5,exact_two_sided_paired_sign_flip_on_mean_raw_delta,True,holm_within_architecture_metric_family,0.05
posthoc_vs_B0,confirmatory,confirmatory__tinyml_mlp__batch_32_samples_per_second,tinyml_mlp,batch_32_samples_per_second,deployment,higher_is_better,samples_per_second,B0,P50-noFT,5,exact_two_sided_paired_sign_flip_on_mean_raw_delta,True,holm_within_architecture_metric_family,0.05
posthoc_vs_B0,confirmatory,confirmatory__tinyml_mlp__batch_32_samples_per_second,tinyml_mlp,batch_32_samples_per_second,deployment,higher_is_better,samples_per_second,B0,P50-FP32-FT,5,exact_two_sided_paired_sign_flip_on_mean_raw_delta,True,holm_within_architecture_metric_family,0.05
posthoc_vs_B0,confirmatory,confirmatory__tinyml_mlp__batch_32_samples_per_second,tinyml_mlp,batch_32_samples_per_second,deployment,higher_is_better,samples_per_second,B0,DQ,5,exact_two_sided_paired_sign_flip_on_mean_raw_delta,True,holm_within_architecture_metric_family,0.05
posthoc_vs_B0,confirmatory,confirmatory__tinyml_mlp__batch_32_samples_per_second,tinyml_mlp,batch_32_samples_per_second,deployment,higher_is_better,samples_per_second,B0,QAT,5,exact_two_sided_paired_sign_flip_on_mean_raw_delta,True,holm_within_architecture_metric_family,0.05
posthoc_vs_B0,confirmatory,confirmatory__tinyml_mlp__batch_32_samples_per_second,tinyml_mlp,batch_32_samples_per_second,deployment,higher_is_better,samples_per_second,B0,P25-QAT,5,exact_two_sided_paired_sign_flip_on_mean_raw_delta,True,holm_within_architecture_metric_family,0.05
posthoc_vs_B0,confirmatory,confirmatory__tinyml_mlp__batch_32_samples_per_second,tinyml_mlp,batch_32_samples_per_second,deployment,higher_is_better,samples_per_second,B0,P50-QAT,5,exact_two_sided_paired_sign_flip_on_mean_raw_delta,True,holm_within_architecture_metric_family,0.05
posthoc_vs_B0,confirmatory,confirmatory__tinyml_mlp__batch_32_samples_per_second,tinyml_mlp,batch_32_samples_per_second,deployment,higher_is_better,samples_per_second,B0,PTQ,5,exact_two_sided_paired_sign_flip_on_mean_raw_delta,True,holm_within_architecture_metric_family,0.05
omnibus,confirmatory,confirmatory__tinyml_mlp__serialized_state_dict_bytes,tinyml_mlp,serialized_state_dict_bytes,deployment,lower_is_better,bytes,,,5,friedman_rank_statistic_with_within_seed_monte_carlo_permutation,True,none_for_omnibus,0.05
posthoc_vs_B0,confirmatory,confirmatory__tinyml_mlp__serialized_state_dict_bytes,tinyml_mlp,serialized_state_dict_bytes,deployment,lower_is_better,bytes,B0,FP32-FT,5,exact_two_sided_paired_sign_flip_on_mean_raw_delta,True,holm_within_architecture_metric_family,0.05
posthoc_vs_B0,confirmatory,confirmatory__tinyml_mlp__serialized_state_dict_bytes,tinyml_mlp,serialized_state_dict_bytes,deployment,lower_is_better,bytes,B0,P25-noFT,5,exact_two_sided_paired_sign_flip_on_mean_raw_delta,True,holm_within_architecture_metric_family,0.05
posthoc_vs_B0,confirmatory,confirmatory__tinyml_mlp__serialized_state_dict_bytes,tinyml_mlp,serialized_state_dict_bytes,deployment,lower_is_better,bytes,B0,P25-FP32-FT,5,exact_two_sided_paired_sign_flip_on_mean_raw_delta,True,holm_within_architecture_metric_family,0.05
posthoc_vs_B0,confirmatory,confirmatory__tinyml_mlp__serialized_state_dict_bytes,tinyml_mlp,serialized_state_dict_bytes,deployment,lower_is_better,bytes,B0,P50-noFT,5,exact_two_sided_paired_sign_flip_on_mean_raw_delta,True,holm_within_architecture_metric_family,0.05
posthoc_vs_B0,confirmatory,confirmatory__tinyml_mlp__serialized_state_dict_bytes,tinyml_mlp,serialized_state_dict_bytes,deployment,lower_is_better,bytes,B0,P50-FP32-FT,5,exact_two_sided_paired_sign_flip_on_mean_raw_delta,True,holm_within_architecture_metric_family,0.05
posthoc_vs_B0,confirmatory,confirmatory__tinyml_mlp__serialized_state_dict_bytes,tinyml_mlp,serialized_state_dict_bytes,deployment,lower_is_better,bytes,B0,DQ,5,exact_two_sided_paired_sign_flip_on_mean_raw_delta,True,holm_within_architecture_metric_family,0.05
posthoc_vs_B0,confirmatory,confirmatory__tinyml_mlp__serialized_state_dict_bytes,tinyml_mlp,serialized_state_dict_bytes,deployment,lower_is_better,bytes,B0,QAT,5,exact_two_sided_paired_sign_flip_on_mean_raw_delta,True,holm_within_architecture_metric_family,0.05
posthoc_vs_B0,confirmatory,confirmatory__tinyml_mlp__serialized_state_dict_bytes,tinyml_mlp,serialized_state_dict_bytes,deployment,lower_is_better,bytes,B0,P25-QAT,5,exact_two_sided_paired_sign_flip_on_mean_raw_delta,True,holm_within_architecture_metric_family,0.05
posthoc_vs_B0,confirmatory,confirmatory__tinyml_mlp__serialized_state_dict_bytes,tinyml_mlp,serialized_state_dict_bytes,deployment,lower_is_better,bytes,B0,P50-QAT,5,exact_two_sided_paired_sign_flip_on_mean_raw_delta,True,holm_within_architecture_metric_family,0.05
posthoc_vs_B0,confirmatory,confirmatory__tinyml_mlp__serialized_state_dict_bytes,tinyml_mlp,serialized_state_dict_bytes,deployment,lower_is_better,bytes,B0,PTQ,5,exact_two_sided_paired_sign_flip_on_mean_raw_delta,True,holm_within_architecture_metric_family,0.05
omnibus,confirmatory,confirmatory__compact_dnn__test_fingerprint_macro_f1,compact_dnn,test_fingerprint_macro_f1,predictive,higher_is_better,proportion,,,5,friedman_rank_statistic_with_within_seed_monte_carlo_permutation,True,none_for_omnibus,0.05
posthoc_vs_B0,confirmatory,confirmatory__compact_dnn__test_fingerprint_macro_f1,compact_dnn,test_fingerprint_macro_f1,predictive,higher_is_better,proportion,B0,FP32-FT,5,exact_two_sided_paired_sign_flip_on_mean_raw_delta,True,holm_within_architecture_metric_family,0.05
posthoc_vs_B0,confirmatory,confirmatory__compact_dnn__test_fingerprint_macro_f1,compact_dnn,test_fingerprint_macro_f1,predictive,higher_is_better,proportion,B0,P25-noFT,5,exact_two_sided_paired_sign_flip_on_mean_raw_delta,True,holm_within_architecture_metric_family,0.05
posthoc_vs_B0,confirmatory,confirmatory__compact_dnn__test_fingerprint_macro_f1,compact_dnn,test_fingerprint_macro_f1,predictive,higher_is_better,proportion,B0,P25-FP32-FT,5,exact_two_sided_paired_sign_flip_on_mean_raw_delta,True,holm_within_architecture_metric_family,0.05
posthoc_vs_B0,confirmatory,confirmatory__compact_dnn__test_fingerprint_macro_f1,compact_dnn,test_fingerprint_macro_f1,predictive,higher_is_better,proportion,B0,P50-noFT,5,exact_two_sided_paired_sign_flip_on_mean_raw_delta,True,holm_within_architecture_metric_family,0.05
posthoc_vs_B0,confirmatory,confirmatory__compact_dnn__test_fingerprint_macro_f1,compact_dnn,test_fingerprint_macro_f1,predictive,higher_is_better,proportion,B0,P50-FP32-FT,5,exact_two_sided_paired_sign_flip_on_mean_raw_delta,True,holm_within_architecture_metric_family,0.05
posthoc_vs_B0,confirmatory,confirmatory__compact_dnn__test_fingerprint_macro_f1,compact_dnn,test_fingerprint_macro_f1,predictive,higher_is_better,proportion,B0,DQ,5,exact_two_sided_paired_sign_flip_on_mean_raw_delta,True,holm_within_architecture_metric_family,0.05
posthoc_vs_B0,confirmatory,confirmatory__compact_dnn__test_fingerprint_macro_f1,compact_dnn,test_fingerprint_macro_f1,predictive,higher_is_better,proportion,B0,QAT,5,exact_two_sided_paired_sign_flip_on_mean_raw_delta,True,holm_within_architecture_metric_family,0.05
posthoc_vs_B0,confirmatory,confirmatory__compact_dnn__test_fingerprint_macro_f1,compact_dnn,test_fingerprint_macro_f1,predictive,higher_is_better,proportion,B0,P25-QAT,5,exact_two_sided_paired_sign_flip_on_mean_raw_delta,True,holm_within_architecture_metric_family,0.05
posthoc_vs_B0,confirmatory,confirmatory__compact_dnn__test_fingerprint_macro_f1,compact_dnn,test_fingerprint_macro_f1,predictive,higher_is_better,proportion,B0,P50-QAT,5,exact_two_sided_paired_sign_flip_on_mean_raw_delta,True,holm_within_architecture_metric_family,0.05
posthoc_vs_B0,confirmatory,confirmatory__compact_dnn__test_fingerprint_macro_f1,compact_dnn,test_fingerprint_macro_f1,predictive,higher_is_better,proportion,B0,PTQ,5,exact_two_sided_paired_sign_flip_on_mean_raw_delta,True,holm_within_architecture_metric_family,0.05
omnibus,confirmatory,confirmatory__compact_dnn__batch_1_median_ms,compact_dnn,batch_1_median_ms,deployment,lower_is_better,milliseconds,,,5,friedman_rank_statistic_with_within_seed_monte_carlo_permutation,True,none_for_omnibus,0.05
posthoc_vs_B0,confirmatory,confirmatory__compact_dnn__batch_1_median_ms,compact_dnn,batch_1_median_ms,deployment,lower_is_better,milliseconds,B0,FP32-FT,5,exact_two_sided_paired_sign_flip_on_mean_raw_delta,True,holm_within_architecture_metric_family,0.05
posthoc_vs_B0,confirmatory,confirmatory__compact_dnn__batch_1_median_ms,compact_dnn,batch_1_median_ms,deployment,lower_is_better,milliseconds,B0,P25-noFT,5,exact_two_sided_paired_sign_flip_on_mean_raw_delta,True,holm_within_architecture_metric_family,0.05
posthoc_vs_B0,confirmatory,confirmatory__compact_dnn__batch_1_median_ms,compact_dnn,batch_1_median_ms,deployment,lower_is_better,milliseconds,B0,P25-FP32-FT,5,exact_two_sided_paired_sign_flip_on_mean_raw_delta,True,holm_within_architecture_metric_family,0.05
posthoc_vs_B0,confirmatory,confirmatory__compact_dnn__batch_1_median_ms,compact_dnn,batch_1_median_ms,deployment,lower_is_better,milliseconds,B0,P50-noFT,5,exact_two_sided_paired_sign_flip_on_mean_raw_delta,True,holm_within_architecture_metric_family,0.05
posthoc_vs_B0,confirmatory,confirmatory__compact_dnn__batch_1_median_ms,compact_dnn,batch_1_median_ms,deployment,lower_is_better,milliseconds,B0,P50-FP32-FT,5,exact_two_sided_paired_sign_flip_on_mean_raw_delta,True,holm_within_architecture_metric_family,0.05
posthoc_vs_B0,confirmatory,confirmatory__compact_dnn__batch_1_median_ms,compact_dnn,batch_1_median_ms,deployment,lower_is_better,milliseconds,B0,DQ,5,exact_two_sided_paired_sign_flip_on_mean_raw_delta,True,holm_within_architecture_metric_family,0.05
posthoc_vs_B0,confirmatory,confirmatory__compact_dnn__batch_1_median_ms,compact_dnn,batch_1_median_ms,deployment,lower_is_better,milliseconds,B0,QAT,5,exact_two_sided_paired_sign_flip_on_mean_raw_delta,True,holm_within_architecture_metric_family,0.05
posthoc_vs_B0,confirmatory,confirmatory__compact_dnn__batch_1_median_ms,compact_dnn,batch_1_median_ms,deployment,lower_is_better,milliseconds,B0,P25-QAT,5,exact_two_sided_paired_sign_flip_on_mean_raw_delta,True,holm_within_architecture_metric_family,0.05
posthoc_vs_B0,confirmatory,confirmatory__compact_dnn__batch_1_median_ms,compact_dnn,batch_1_median_ms,deployment,lower_is_better,milliseconds,B0,P50-QAT,5,exact_two_sided_paired_sign_flip_on_mean_raw_delta,True,holm_within_architecture_metric_family,0.05
posthoc_vs_B0,confirmatory,confirmatory__compact_dnn__batch_1_median_ms,compact_dnn,batch_1_median_ms,deployment,lower_is_better,milliseconds,B0,PTQ,5,exact_two_sided_paired_sign_flip_on_mean_raw_delta,True,holm_within_architecture_metric_family,0.05
omnibus,confirmatory,confirmatory__compact_dnn__batch_32_samples_per_second,compact_dnn,batch_32_samples_per_second,deployment,higher_is_better,samples_per_second,,,5,friedman_rank_statistic_with_within_seed_monte_carlo_permutation,True,none_for_omnibus,0.05
posthoc_vs_B0,confirmatory,confirmatory__compact_dnn__batch_32_samples_per_second,compact_dnn,batch_32_samples_per_second,deployment,higher_is_better,samples_per_second,B0,FP32-FT,5,exact_two_sided_paired_sign_flip_on_mean_raw_delta,True,holm_within_architecture_metric_family,0.05
posthoc_vs_B0,confirmatory,confirmatory__compact_dnn__batch_32_samples_per_second,compact_dnn,batch_32_samples_per_second,deployment,higher_is_better,samples_per_second,B0,P25-noFT,5,exact_two_sided_paired_sign_flip_on_mean_raw_delta,True,holm_within_architecture_metric_family,0.05
posthoc_vs_B0,confirmatory,confirmatory__compact_dnn__batch_32_samples_per_second,compact_dnn,batch_32_samples_per_second,deployment,higher_is_better,samples_per_second,B0,P25-FP32-FT,5,exact_two_sided_paired_sign_flip_on_mean_raw_delta,True,holm_within_architecture_metric_family,0.05
posthoc_vs_B0,confirmatory,confirmatory__compact_dnn__batch_32_samples_per_second,compact_dnn,batch_32_samples_per_second,deployment,higher_is_better,samples_per_second,B0,P50-noFT,5,exact_two_sided_paired_sign_flip_on_mean_raw_delta,True,holm_within_architecture_metric_family,0.05
posthoc_vs_B0,confirmatory,confirmatory__compact_dnn__batch_32_samples_per_second,compact_dnn,batch_32_samples_per_second,deployment,higher_is_better,samples_per_second,B0,P50-FP32-FT,5,exact_two_sided_paired_sign_flip_on_mean_raw_delta,True,holm_within_architecture_metric_family,0.05
posthoc_vs_B0,confirmatory,confirmatory__compact_dnn__batch_32_samples_per_second,compact_dnn,batch_32_samples_per_second,deployment,higher_is_better,samples_per_second,B0,DQ,5,exact_two_sided_paired_sign_flip_on_mean_raw_delta,True,holm_within_architecture_metric_family,0.05
posthoc_vs_B0,confirmatory,confirmatory__compact_dnn__batch_32_samples_per_second,compact_dnn,batch_32_samples_per_second,deployment,higher_is_better,samples_per_second,B0,QAT,5,exact_two_sided_paired_sign_flip_on_mean_raw_delta,True,holm_within_architecture_metric_family,0.05
posthoc_vs_B0,confirmatory,confirmatory__compact_dnn__batch_32_samples_per_second,compact_dnn,batch_32_samples_per_second,deployment,higher_is_better,samples_per_second,B0,P25-QAT,5,exact_two_sided_paired_sign_flip_on_mean_raw_delta,True,holm_within_architecture_metric_family,0.05
posthoc_vs_B0,confirmatory,confirmatory__compact_dnn__batch_32_samples_per_second,compact_dnn,batch_32_samples_per_second,deployment,higher_is_better,samples_per_second,B0,P50-QAT,5,exact_two_sided_paired_sign_flip_on_mean_raw_delta,True,holm_within_architecture_metric_family,0.05
posthoc_vs_B0,confirmatory,confirmatory__compact_dnn__batch_32_samples_per_second,compact_dnn,batch_32_samples_per_second,deployment,higher_is_better,samples_per_second,B0,PTQ,5,exact_two_sided_paired_sign_flip_on_mean_raw_delta,True,holm_within_architecture_metric_family,0.05
omnibus,confirmatory,confirmatory__compact_dnn__serialized_state_dict_bytes,compact_dnn,serialized_state_dict_bytes,deployment,lower_is_better,bytes,,,5,friedman_rank_statistic_with_within_seed_monte_carlo_permutation,True,none_for_omnibus,0.05
posthoc_vs_B0,confirmatory,confirmatory__compact_dnn__serialized_state_dict_bytes,compact_dnn,serialized_state_dict_bytes,deployment,lower_is_better,bytes,B0,FP32-FT,5,exact_two_sided_paired_sign_flip_on_mean_raw_delta,True,holm_within_architecture_metric_family,0.05
posthoc_vs_B0,confirmatory,confirmatory__compact_dnn__serialized_state_dict_bytes,compact_dnn,serialized_state_dict_bytes,deployment,lower_is_better,bytes,B0,P25-noFT,5,exact_two_sided_paired_sign_flip_on_mean_raw_delta,True,holm_within_architecture_metric_family,0.05
posthoc_vs_B0,confirmatory,confirmatory__compact_dnn__serialized_state_dict_bytes,compact_dnn,serialized_state_dict_bytes,deployment,lower_is_better,bytes,B0,P25-FP32-FT,5,exact_two_sided_paired_sign_flip_on_mean_raw_delta,True,holm_within_architecture_metric_family,0.05
posthoc_vs_B0,confirmatory,confirmatory__compact_dnn__serialized_state_dict_bytes,compact_dnn,serialized_state_dict_bytes,deployment,lower_is_better,bytes,B0,P50-noFT,5,exact_two_sided_paired_sign_flip_on_mean_raw_delta,True,holm_within_architecture_metric_family,0.05
posthoc_vs_B0,confirmatory,confirmatory__compact_dnn__serialized_state_dict_bytes,compact_dnn,serialized_state_dict_bytes,deployment,lower_is_better,bytes,B0,P50-FP32-FT,5,exact_two_sided_paired_sign_flip_on_mean_raw_delta,True,holm_within_architecture_metric_family,0.05
posthoc_vs_B0,confirmatory,confirmatory__compact_dnn__serialized_state_dict_bytes,compact_dnn,serialized_state_dict_bytes,deployment,lower_is_better,bytes,B0,DQ,5,exact_two_sided_paired_sign_flip_on_mean_raw_delta,True,holm_within_architecture_metric_family,0.05
posthoc_vs_B0,confirmatory,confirmatory__compact_dnn__serialized_state_dict_bytes,compact_dnn,serialized_state_dict_bytes,deployment,lower_is_better,bytes,B0,QAT,5,exact_two_sided_paired_sign_flip_on_mean_raw_delta,True,holm_within_architecture_metric_family,0.05
posthoc_vs_B0,confirmatory,confirmatory__compact_dnn__serialized_state_dict_bytes,compact_dnn,serialized_state_dict_bytes,deployment,lower_is_better,bytes,B0,P25-QAT,5,exact_two_sided_paired_sign_flip_on_mean_raw_delta,True,holm_within_architecture_metric_family,0.05
posthoc_vs_B0,confirmatory,confirmatory__compact_dnn__serialized_state_dict_bytes,compact_dnn,serialized_state_dict_bytes,deployment,lower_is_better,bytes,B0,P50-QAT,5,exact_two_sided_paired_sign_flip_on_mean_raw_delta,True,holm_within_architecture_metric_family,0.05
posthoc_vs_B0,confirmatory,confirmatory__compact_dnn__serialized_state_dict_bytes,compact_dnn,serialized_state_dict_bytes,deployment,lower_is_better,bytes,B0,PTQ,5,exact_two_sided_paired_sign_flip_on_mean_raw_delta,True,holm_within_architecture_metric_family,0.05
omnibus,exploratory,exploratory__tinyml_mlp__test_raw_weighted_macro_f1,tinyml_mlp,test_raw_weighted_macro_f1,predictive,higher_is_better,proportion,,,5,friedman_rank_statistic_with_within_seed_monte_carlo_permutation,True,none_for_omnibus,0.05
posthoc_vs_B0,exploratory,exploratory__tinyml_mlp__test_raw_weighted_macro_f1,tinyml_mlp,test_raw_weighted_macro_f1,predictive,higher_is_better,proportion,B0,FP32-FT,5,exact_two_sided_paired_sign_flip_on_mean_raw_delta,True,holm_within_architecture_metric_family,0.05
posthoc_vs_B0,exploratory,exploratory__tinyml_mlp__test_raw_weighted_macro_f1,tinyml_mlp,test_raw_weighted_macro_f1,predictive,higher_is_better,proportion,B0,P25-noFT,5,exact_two_sided_paired_sign_flip_on_mean_raw_delta,True,holm_within_architecture_metric_family,0.05
posthoc_vs_B0,exploratory,exploratory__tinyml_mlp__test_raw_weighted_macro_f1,tinyml_mlp,test_raw_weighted_macro_f1,predictive,higher_is_better,proportion,B0,P25-FP32-FT,5,exact_two_sided_paired_sign_flip_on_mean_raw_delta,True,holm_within_architecture_metric_family,0.05
posthoc_vs_B0,exploratory,exploratory__tinyml_mlp__test_raw_weighted_macro_f1,tinyml_mlp,test_raw_weighted_macro_f1,predictive,higher_is_better,proportion,B0,P50-noFT,5,exact_two_sided_paired_sign_flip_on_mean_raw_delta,True,holm_within_architecture_metric_family,0.05
posthoc_vs_B0,exploratory,exploratory__tinyml_mlp__test_raw_weighted_macro_f1,tinyml_mlp,test_raw_weighted_macro_f1,predictive,higher_is_better,proportion,B0,P50-FP32-FT,5,exact_two_sided_paired_sign_flip_on_mean_raw_delta,True,holm_within_architecture_metric_family,0.05
posthoc_vs_B0,exploratory,exploratory__tinyml_mlp__test_raw_weighted_macro_f1,tinyml_mlp,test_raw_weighted_macro_f1,predictive,higher_is_better,proportion,B0,DQ,5,exact_two_sided_paired_sign_flip_on_mean_raw_delta,True,holm_within_architecture_metric_family,0.05
posthoc_vs_B0,exploratory,exploratory__tinyml_mlp__test_raw_weighted_macro_f1,tinyml_mlp,test_raw_weighted_macro_f1,predictive,higher_is_better,proportion,B0,QAT,5,exact_two_sided_paired_sign_flip_on_mean_raw_delta,True,holm_within_architecture_metric_family,0.05
posthoc_vs_B0,exploratory,exploratory__tinyml_mlp__test_raw_weighted_macro_f1,tinyml_mlp,test_raw_weighted_macro_f1,predictive,higher_is_better,proportion,B0,P25-QAT,5,exact_two_sided_paired_sign_flip_on_mean_raw_delta,True,holm_within_architecture_metric_family,0.05
posthoc_vs_B0,exploratory,exploratory__tinyml_mlp__test_raw_weighted_macro_f1,tinyml_mlp,test_raw_weighted_macro_f1,predictive,higher_is_better,proportion,B0,P50-QAT,5,exact_two_sided_paired_sign_flip_on_mean_raw_delta,True,holm_within_architecture_metric_family,0.05
posthoc_vs_B0,exploratory,exploratory__tinyml_mlp__test_raw_weighted_macro_f1,tinyml_mlp,test_raw_weighted_macro_f1,predictive,higher_is_better,proportion,B0,PTQ,5,exact_two_sided_paired_sign_flip_on_mean_raw_delta,True,holm_within_architecture_metric_family,0.05
omnibus,exploratory,exploratory__tinyml_mlp__batch_1_p95_ms,tinyml_mlp,batch_1_p95_ms,deployment,lower_is_better,milliseconds,,,5,friedman_rank_statistic_with_within_seed_monte_carlo_permutation,True,none_for_omnibus,0.05
posthoc_vs_B0,exploratory,exploratory__tinyml_mlp__batch_1_p95_ms,tinyml_mlp,batch_1_p95_ms,deployment,lower_is_better,milliseconds,B0,FP32-FT,5,exact_two_sided_paired_sign_flip_on_mean_raw_delta,True,holm_within_architecture_metric_family,0.05
posthoc_vs_B0,exploratory,exploratory__tinyml_mlp__batch_1_p95_ms,tinyml_mlp,batch_1_p95_ms,deployment,lower_is_better,milliseconds,B0,P25-noFT,5,exact_two_sided_paired_sign_flip_on_mean_raw_delta,True,holm_within_architecture_metric_family,0.05
posthoc_vs_B0,exploratory,exploratory__tinyml_mlp__batch_1_p95_ms,tinyml_mlp,batch_1_p95_ms,deployment,lower_is_better,milliseconds,B0,P25-FP32-FT,5,exact_two_sided_paired_sign_flip_on_mean_raw_delta,True,holm_within_architecture_metric_family,0.05
posthoc_vs_B0,exploratory,exploratory__tinyml_mlp__batch_1_p95_ms,tinyml_mlp,batch_1_p95_ms,deployment,lower_is_better,milliseconds,B0,P50-noFT,5,exact_two_sided_paired_sign_flip_on_mean_raw_delta,True,holm_within_architecture_metric_family,0.05
posthoc_vs_B0,exploratory,exploratory__tinyml_mlp__batch_1_p95_ms,tinyml_mlp,batch_1_p95_ms,deployment,lower_is_better,milliseconds,B0,P50-FP32-FT,5,exact_two_sided_paired_sign_flip_on_mean_raw_delta,True,holm_within_architecture_metric_family,0.05
posthoc_vs_B0,exploratory,exploratory__tinyml_mlp__batch_1_p95_ms,tinyml_mlp,batch_1_p95_ms,deployment,lower_is_better,milliseconds,B0,DQ,5,exact_two_sided_paired_sign_flip_on_mean_raw_delta,True,holm_within_architecture_metric_family,0.05
posthoc_vs_B0,exploratory,exploratory__tinyml_mlp__batch_1_p95_ms,tinyml_mlp,batch_1_p95_ms,deployment,lower_is_better,milliseconds,B0,QAT,5,exact_two_sided_paired_sign_flip_on_mean_raw_delta,True,holm_within_architecture_metric_family,0.05
posthoc_vs_B0,exploratory,exploratory__tinyml_mlp__batch_1_p95_ms,tinyml_mlp,batch_1_p95_ms,deployment,lower_is_better,milliseconds,B0,P25-QAT,5,exact_two_sided_paired_sign_flip_on_mean_raw_delta,True,holm_within_architecture_metric_family,0.05
posthoc_vs_B0,exploratory,exploratory__tinyml_mlp__batch_1_p95_ms,tinyml_mlp,batch_1_p95_ms,deployment,lower_is_better,milliseconds,B0,P50-QAT,5,exact_two_sided_paired_sign_flip_on_mean_raw_delta,True,holm_within_architecture_metric_family,0.05
posthoc_vs_B0,exploratory,exploratory__tinyml_mlp__batch_1_p95_ms,tinyml_mlp,batch_1_p95_ms,deployment,lower_is_better,milliseconds,B0,PTQ,5,exact_two_sided_paired_sign_flip_on_mean_raw_delta,True,holm_within_architecture_metric_family,0.05
omnibus,exploratory,exploratory__tinyml_mlp__batch_32_p95_ms,tinyml_mlp,batch_32_p95_ms,deployment,lower_is_better,milliseconds,,,5,friedman_rank_statistic_with_within_seed_monte_carlo_permutation,True,none_for_omnibus,0.05
posthoc_vs_B0,exploratory,exploratory__tinyml_mlp__batch_32_p95_ms,tinyml_mlp,batch_32_p95_ms,deployment,lower_is_better,milliseconds,B0,FP32-FT,5,exact_two_sided_paired_sign_flip_on_mean_raw_delta,True,holm_within_architecture_metric_family,0.05
posthoc_vs_B0,exploratory,exploratory__tinyml_mlp__batch_32_p95_ms,tinyml_mlp,batch_32_p95_ms,deployment,lower_is_better,milliseconds,B0,P25-noFT,5,exact_two_sided_paired_sign_flip_on_mean_raw_delta,True,holm_within_architecture_metric_family,0.05
posthoc_vs_B0,exploratory,exploratory__tinyml_mlp__batch_32_p95_ms,tinyml_mlp,batch_32_p95_ms,deployment,lower_is_better,milliseconds,B0,P25-FP32-FT,5,exact_two_sided_paired_sign_flip_on_mean_raw_delta,True,holm_within_architecture_metric_family,0.05
posthoc_vs_B0,exploratory,exploratory__tinyml_mlp__batch_32_p95_ms,tinyml_mlp,batch_32_p95_ms,deployment,lower_is_better,milliseconds,B0,P50-noFT,5,exact_two_sided_paired_sign_flip_on_mean_raw_delta,True,holm_within_architecture_metric_family,0.05
posthoc_vs_B0,exploratory,exploratory__tinyml_mlp__batch_32_p95_ms,tinyml_mlp,batch_32_p95_ms,deployment,lower_is_better,milliseconds,B0,P50-FP32-FT,5,exact_two_sided_paired_sign_flip_on_mean_raw_delta,True,holm_within_architecture_metric_family,0.05
posthoc_vs_B0,exploratory,exploratory__tinyml_mlp__batch_32_p95_ms,tinyml_mlp,batch_32_p95_ms,deployment,lower_is_better,milliseconds,B0,DQ,5,exact_two_sided_paired_sign_flip_on_mean_raw_delta,True,holm_within_architecture_metric_family,0.05
posthoc_vs_B0,exploratory,exploratory__tinyml_mlp__batch_32_p95_ms,tinyml_mlp,batch_32_p95_ms,deployment,lower_is_better,milliseconds,B0,QAT,5,exact_two_sided_paired_sign_flip_on_mean_raw_delta,True,holm_within_architecture_metric_family,0.05
posthoc_vs_B0,exploratory,exploratory__tinyml_mlp__batch_32_p95_ms,tinyml_mlp,batch_32_p95_ms,deployment,lower_is_better,milliseconds,B0,P25-QAT,5,exact_two_sided_paired_sign_flip_on_mean_raw_delta,True,holm_within_architecture_metric_family,0.05
posthoc_vs_B0,exploratory,exploratory__tinyml_mlp__batch_32_p95_ms,tinyml_mlp,batch_32_p95_ms,deployment,lower_is_better,milliseconds,B0,P50-QAT,5,exact_two_sided_paired_sign_flip_on_mean_raw_delta,True,holm_within_architecture_metric_family,0.05
posthoc_vs_B0,exploratory,exploratory__tinyml_mlp__batch_32_p95_ms,tinyml_mlp,batch_32_p95_ms,deployment,lower_is_better,milliseconds,B0,PTQ,5,exact_two_sided_paired_sign_flip_on_mean_raw_delta,True,holm_within_architecture_metric_family,0.05
omnibus,exploratory,exploratory__tinyml_mlp__peak_inference_RSS_delta_bytes,tinyml_mlp,peak_inference_RSS_delta_bytes,deployment,lower_is_better,bytes,,,5,friedman_rank_statistic_with_within_seed_monte_carlo_permutation,True,none_for_omnibus,0.05
posthoc_vs_B0,exploratory,exploratory__tinyml_mlp__peak_inference_RSS_delta_bytes,tinyml_mlp,peak_inference_RSS_delta_bytes,deployment,lower_is_better,bytes,B0,FP32-FT,5,exact_two_sided_paired_sign_flip_on_mean_raw_delta,True,holm_within_architecture_metric_family,0.05
posthoc_vs_B0,exploratory,exploratory__tinyml_mlp__peak_inference_RSS_delta_bytes,tinyml_mlp,peak_inference_RSS_delta_bytes,deployment,lower_is_better,bytes,B0,P25-noFT,5,exact_two_sided_paired_sign_flip_on_mean_raw_delta,True,holm_within_architecture_metric_family,0.05
posthoc_vs_B0,exploratory,exploratory__tinyml_mlp__peak_inference_RSS_delta_bytes,tinyml_mlp,peak_inference_RSS_delta_bytes,deployment,lower_is_better,bytes,B0,P25-FP32-FT,5,exact_two_sided_paired_sign_flip_on_mean_raw_delta,True,holm_within_architecture_metric_family,0.05
posthoc_vs_B0,exploratory,exploratory__tinyml_mlp__peak_inference_RSS_delta_bytes,tinyml_mlp,peak_inference_RSS_delta_bytes,deployment,lower_is_better,bytes,B0,P50-noFT,5,exact_two_sided_paired_sign_flip_on_mean_raw_delta,True,holm_within_architecture_metric_family,0.05
posthoc_vs_B0,exploratory,exploratory__tinyml_mlp__peak_inference_RSS_delta_bytes,tinyml_mlp,peak_inference_RSS_delta_bytes,deployment,lower_is_better,bytes,B0,P50-FP32-FT,5,exact_two_sided_paired_sign_flip_on_mean_raw_delta,True,holm_within_architecture_metric_family,0.05
posthoc_vs_B0,exploratory,exploratory__tinyml_mlp__peak_inference_RSS_delta_bytes,tinyml_mlp,peak_inference_RSS_delta_bytes,deployment,lower_is_better,bytes,B0,DQ,5,exact_two_sided_paired_sign_flip_on_mean_raw_delta,True,holm_within_architecture_metric_family,0.05
posthoc_vs_B0,exploratory,exploratory__tinyml_mlp__peak_inference_RSS_delta_bytes,tinyml_mlp,peak_inference_RSS_delta_bytes,deployment,lower_is_better,bytes,B0,QAT,5,exact_two_sided_paired_sign_flip_on_mean_raw_delta,True,holm_within_architecture_metric_family,0.05
posthoc_vs_B0,exploratory,exploratory__tinyml_mlp__peak_inference_RSS_delta_bytes,tinyml_mlp,peak_inference_RSS_delta_bytes,deployment,lower_is_better,bytes,B0,P25-QAT,5,exact_two_sided_paired_sign_flip_on_mean_raw_delta,True,holm_within_architecture_metric_family,0.05
posthoc_vs_B0,exploratory,exploratory__tinyml_mlp__peak_inference_RSS_delta_bytes,tinyml_mlp,peak_inference_RSS_delta_bytes,deployment,lower_is_better,bytes,B0,P50-QAT,5,exact_two_sided_paired_sign_flip_on_mean_raw_delta,True,holm_within_architecture_metric_family,0.05
posthoc_vs_B0,exploratory,exploratory__tinyml_mlp__peak_inference_RSS_delta_bytes,tinyml_mlp,peak_inference_RSS_delta_bytes,deployment,lower_is_better,bytes,B0,PTQ,5,exact_two_sided_paired_sign_flip_on_mean_raw_delta,True,holm_within_architecture_metric_family,0.05
omnibus,exploratory,exploratory__compact_dnn__test_raw_weighted_macro_f1,compact_dnn,test_raw_weighted_macro_f1,predictive,higher_is_better,proportion,,,5,friedman_rank_statistic_with_within_seed_monte_carlo_permutation,True,none_for_omnibus,0.05
posthoc_vs_B0,exploratory,exploratory__compact_dnn__test_raw_weighted_macro_f1,compact_dnn,test_raw_weighted_macro_f1,predictive,higher_is_better,proportion,B0,FP32-FT,5,exact_two_sided_paired_sign_flip_on_mean_raw_delta,True,holm_within_architecture_metric_family,0.05
posthoc_vs_B0,exploratory,exploratory__compact_dnn__test_raw_weighted_macro_f1,compact_dnn,test_raw_weighted_macro_f1,predictive,higher_is_better,proportion,B0,P25-noFT,5,exact_two_sided_paired_sign_flip_on_mean_raw_delta,True,holm_within_architecture_metric_family,0.05
posthoc_vs_B0,exploratory,exploratory__compact_dnn__test_raw_weighted_macro_f1,compact_dnn,test_raw_weighted_macro_f1,predictive,higher_is_better,proportion,B0,P25-FP32-FT,5,exact_two_sided_paired_sign_flip_on_mean_raw_delta,True,holm_within_architecture_metric_family,0.05
posthoc_vs_B0,exploratory,exploratory__compact_dnn__test_raw_weighted_macro_f1,compact_dnn,test_raw_weighted_macro_f1,predictive,higher_is_better,proportion,B0,P50-noFT,5,exact_two_sided_paired_sign_flip_on_mean_raw_delta,True,holm_within_architecture_metric_family,0.05
posthoc_vs_B0,exploratory,exploratory__compact_dnn__test_raw_weighted_macro_f1,compact_dnn,test_raw_weighted_macro_f1,predictive,higher_is_better,proportion,B0,P50-FP32-FT,5,exact_two_sided_paired_sign_flip_on_mean_raw_delta,True,holm_within_architecture_metric_family,0.05
posthoc_vs_B0,exploratory,exploratory__compact_dnn__test_raw_weighted_macro_f1,compact_dnn,test_raw_weighted_macro_f1,predictive,higher_is_better,proportion,B0,DQ,5,exact_two_sided_paired_sign_flip_on_mean_raw_delta,True,holm_within_architecture_metric_family,0.05
posthoc_vs_B0,exploratory,exploratory__compact_dnn__test_raw_weighted_macro_f1,compact_dnn,test_raw_weighted_macro_f1,predictive,higher_is_better,proportion,B0,QAT,5,exact_two_sided_paired_sign_flip_on_mean_raw_delta,True,holm_within_architecture_metric_family,0.05
posthoc_vs_B0,exploratory,exploratory__compact_dnn__test_raw_weighted_macro_f1,compact_dnn,test_raw_weighted_macro_f1,predictive,higher_is_better,proportion,B0,P25-QAT,5,exact_two_sided_paired_sign_flip_on_mean_raw_delta,True,holm_within_architecture_metric_family,0.05
posthoc_vs_B0,exploratory,exploratory__compact_dnn__test_raw_weighted_macro_f1,compact_dnn,test_raw_weighted_macro_f1,predictive,higher_is_better,proportion,B0,P50-QAT,5,exact_two_sided_paired_sign_flip_on_mean_raw_delta,True,holm_within_architecture_metric_family,0.05
posthoc_vs_B0,exploratory,exploratory__compact_dnn__test_raw_weighted_macro_f1,compact_dnn,test_raw_weighted_macro_f1,predictive,higher_is_better,proportion,B0,PTQ,5,exact_two_sided_paired_sign_flip_on_mean_raw_delta,True,holm_within_architecture_metric_family,0.05
omnibus,exploratory,exploratory__compact_dnn__batch_1_p95_ms,compact_dnn,batch_1_p95_ms,deployment,lower_is_better,milliseconds,,,5,friedman_rank_statistic_with_within_seed_monte_carlo_permutation,True,none_for_omnibus,0.05
posthoc_vs_B0,exploratory,exploratory__compact_dnn__batch_1_p95_ms,compact_dnn,batch_1_p95_ms,deployment,lower_is_better,milliseconds,B0,FP32-FT,5,exact_two_sided_paired_sign_flip_on_mean_raw_delta,True,holm_within_architecture_metric_family,0.05
posthoc_vs_B0,exploratory,exploratory__compact_dnn__batch_1_p95_ms,compact_dnn,batch_1_p95_ms,deployment,lower_is_better,milliseconds,B0,P25-noFT,5,exact_two_sided_paired_sign_flip_on_mean_raw_delta,True,holm_within_architecture_metric_family,0.05
posthoc_vs_B0,exploratory,exploratory__compact_dnn__batch_1_p95_ms,compact_dnn,batch_1_p95_ms,deployment,lower_is_better,milliseconds,B0,P25-FP32-FT,5,exact_two_sided_paired_sign_flip_on_mean_raw_delta,True,holm_within_architecture_metric_family,0.05
posthoc_vs_B0,exploratory,exploratory__compact_dnn__batch_1_p95_ms,compact_dnn,batch_1_p95_ms,deployment,lower_is_better,milliseconds,B0,P50-noFT,5,exact_two_sided_paired_sign_flip_on_mean_raw_delta,True,holm_within_architecture_metric_family,0.05
posthoc_vs_B0,exploratory,exploratory__compact_dnn__batch_1_p95_ms,compact_dnn,batch_1_p95_ms,deployment,lower_is_better,milliseconds,B0,P50-FP32-FT,5,exact_two_sided_paired_sign_flip_on_mean_raw_delta,True,holm_within_architecture_metric_family,0.05
posthoc_vs_B0,exploratory,exploratory__compact_dnn__batch_1_p95_ms,compact_dnn,batch_1_p95_ms,deployment,lower_is_better,milliseconds,B0,DQ,5,exact_two_sided_paired_sign_flip_on_mean_raw_delta,True,holm_within_architecture_metric_family,0.05
posthoc_vs_B0,exploratory,exploratory__compact_dnn__batch_1_p95_ms,compact_dnn,batch_1_p95_ms,deployment,lower_is_better,milliseconds,B0,QAT,5,exact_two_sided_paired_sign_flip_on_mean_raw_delta,True,holm_within_architecture_metric_family,0.05
posthoc_vs_B0,exploratory,exploratory__compact_dnn__batch_1_p95_ms,compact_dnn,batch_1_p95_ms,deployment,lower_is_better,milliseconds,B0,P25-QAT,5,exact_two_sided_paired_sign_flip_on_mean_raw_delta,True,holm_within_architecture_metric_family,0.05
posthoc_vs_B0,exploratory,exploratory__compact_dnn__batch_1_p95_ms,compact_dnn,batch_1_p95_ms,deployment,lower_is_better,milliseconds,B0,P50-QAT,5,exact_two_sided_paired_sign_flip_on_mean_raw_delta,True,holm_within_architecture_metric_family,0.05
posthoc_vs_B0,exploratory,exploratory__compact_dnn__batch_1_p95_ms,compact_dnn,batch_1_p95_ms,deployment,lower_is_better,milliseconds,B0,PTQ,5,exact_two_sided_paired_sign_flip_on_mean_raw_delta,True,holm_within_architecture_metric_family,0.05
omnibus,exploratory,exploratory__compact_dnn__batch_32_p95_ms,compact_dnn,batch_32_p95_ms,deployment,lower_is_better,milliseconds,,,5,friedman_rank_statistic_with_within_seed_monte_carlo_permutation,True,none_for_omnibus,0.05
posthoc_vs_B0,exploratory,exploratory__compact_dnn__batch_32_p95_ms,compact_dnn,batch_32_p95_ms,deployment,lower_is_better,milliseconds,B0,FP32-FT,5,exact_two_sided_paired_sign_flip_on_mean_raw_delta,True,holm_within_architecture_metric_family,0.05
posthoc_vs_B0,exploratory,exploratory__compact_dnn__batch_32_p95_ms,compact_dnn,batch_32_p95_ms,deployment,lower_is_better,milliseconds,B0,P25-noFT,5,exact_two_sided_paired_sign_flip_on_mean_raw_delta,True,holm_within_architecture_metric_family,0.05
posthoc_vs_B0,exploratory,exploratory__compact_dnn__batch_32_p95_ms,compact_dnn,batch_32_p95_ms,deployment,lower_is_better,milliseconds,B0,P25-FP32-FT,5,exact_two_sided_paired_sign_flip_on_mean_raw_delta,True,holm_within_architecture_metric_family,0.05
posthoc_vs_B0,exploratory,exploratory__compact_dnn__batch_32_p95_ms,compact_dnn,batch_32_p95_ms,deployment,lower_is_better,milliseconds,B0,P50-noFT,5,exact_two_sided_paired_sign_flip_on_mean_raw_delta,True,holm_within_architecture_metric_family,0.05
posthoc_vs_B0,exploratory,exploratory__compact_dnn__batch_32_p95_ms,compact_dnn,batch_32_p95_ms,deployment,lower_is_better,milliseconds,B0,P50-FP32-FT,5,exact_two_sided_paired_sign_flip_on_mean_raw_delta,True,holm_within_architecture_metric_family,0.05
posthoc_vs_B0,exploratory,exploratory__compact_dnn__batch_32_p95_ms,compact_dnn,batch_32_p95_ms,deployment,lower_is_better,milliseconds,B0,DQ,5,exact_two_sided_paired_sign_flip_on_mean_raw_delta,True,holm_within_architecture_metric_family,0.05
posthoc_vs_B0,exploratory,exploratory__compact_dnn__batch_32_p95_ms,compact_dnn,batch_32_p95_ms,deployment,lower_is_better,milliseconds,B0,QAT,5,exact_two_sided_paired_sign_flip_on_mean_raw_delta,True,holm_within_architecture_metric_family,0.05
posthoc_vs_B0,exploratory,exploratory__compact_dnn__batch_32_p95_ms,compact_dnn,batch_32_p95_ms,deployment,lower_is_better,milliseconds,B0,P25-QAT,5,exact_two_sided_paired_sign_flip_on_mean_raw_delta,True,holm_within_architecture_metric_family,0.05
posthoc_vs_B0,exploratory,exploratory__compact_dnn__batch_32_p95_ms,compact_dnn,batch_32_p95_ms,deployment,lower_is_better,milliseconds,B0,P50-QAT,5,exact_two_sided_paired_sign_flip_on_mean_raw_delta,True,holm_within_architecture_metric_family,0.05
posthoc_vs_B0,exploratory,exploratory__compact_dnn__batch_32_p95_ms,compact_dnn,batch_32_p95_ms,deployment,lower_is_better,milliseconds,B0,PTQ,5,exact_two_sided_paired_sign_flip_on_mean_raw_delta,True,holm_within_architecture_metric_family,0.05
omnibus,exploratory,exploratory__compact_dnn__peak_inference_RSS_delta_bytes,compact_dnn,peak_inference_RSS_delta_bytes,deployment,lower_is_better,bytes,,,5,friedman_rank_statistic_with_within_seed_monte_carlo_permutation,True,none_for_omnibus,0.05
posthoc_vs_B0,exploratory,exploratory__compact_dnn__peak_inference_RSS_delta_bytes,compact_dnn,peak_inference_RSS_delta_bytes,deployment,lower_is_better,bytes,B0,FP32-FT,5,exact_two_sided_paired_sign_flip_on_mean_raw_delta,True,holm_within_architecture_metric_family,0.05
posthoc_vs_B0,exploratory,exploratory__compact_dnn__peak_inference_RSS_delta_bytes,compact_dnn,peak_inference_RSS_delta_bytes,deployment,lower_is_better,bytes,B0,P25-noFT,5,exact_two_sided_paired_sign_flip_on_mean_raw_delta,True,holm_within_architecture_metric_family,0.05
posthoc_vs_B0,exploratory,exploratory__compact_dnn__peak_inference_RSS_delta_bytes,compact_dnn,peak_inference_RSS_delta_bytes,deployment,lower_is_better,bytes,B0,P25-FP32-FT,5,exact_two_sided_paired_sign_flip_on_mean_raw_delta,True,holm_within_architecture_metric_family,0.05
posthoc_vs_B0,exploratory,exploratory__compact_dnn__peak_inference_RSS_delta_bytes,compact_dnn,peak_inference_RSS_delta_bytes,deployment,lower_is_better,bytes,B0,P50-noFT,5,exact_two_sided_paired_sign_flip_on_mean_raw_delta,True,holm_within_architecture_metric_family,0.05
posthoc_vs_B0,exploratory,exploratory__compact_dnn__peak_inference_RSS_delta_bytes,compact_dnn,peak_inference_RSS_delta_bytes,deployment,lower_is_better,bytes,B0,P50-FP32-FT,5,exact_two_sided_paired_sign_flip_on_mean_raw_delta,True,holm_within_architecture_metric_family,0.05
posthoc_vs_B0,exploratory,exploratory__compact_dnn__peak_inference_RSS_delta_bytes,compact_dnn,peak_inference_RSS_delta_bytes,deployment,lower_is_better,bytes,B0,DQ,5,exact_two_sided_paired_sign_flip_on_mean_raw_delta,True,holm_within_architecture_metric_family,0.05
posthoc_vs_B0,exploratory,exploratory__compact_dnn__peak_inference_RSS_delta_bytes,compact_dnn,peak_inference_RSS_delta_bytes,deployment,lower_is_better,bytes,B0,QAT,5,exact_two_sided_paired_sign_flip_on_mean_raw_delta,True,holm_within_architecture_metric_family,0.05
posthoc_vs_B0,exploratory,exploratory__compact_dnn__peak_inference_RSS_delta_bytes,compact_dnn,peak_inference_RSS_delta_bytes,deployment,lower_is_better,bytes,B0,P25-QAT,5,exact_two_sided_paired_sign_flip_on_mean_raw_delta,True,holm_within_architecture_metric_family,0.05
posthoc_vs_B0,exploratory,exploratory__compact_dnn__peak_inference_RSS_delta_bytes,compact_dnn,peak_inference_RSS_delta_bytes,deployment,lower_is_better,bytes,B0,P50-QAT,5,exact_two_sided_paired_sign_flip_on_mean_raw_delta,True,holm_within_architecture_metric_family,0.05
posthoc_vs_B0,exploratory,exploratory__compact_dnn__peak_inference_RSS_delta_bytes,compact_dnn,peak_inference_RSS_delta_bytes,deployment,lower_is_better,bytes,B0,PTQ,5,exact_two_sided_paired_sign_flip_on_mean_raw_delta,True,holm_within_architecture_metric_family,0.05
